national_socialist_AFG;Afghan Nationalist Party;Afghan Nationalist Party;Afghan Nationalist Party;;Afghan Nationalist Party;;;;;;;;;x
fascistic_AFG;Afghan Fascist League;Afghan Fascist League;Afghan Fascist League;;Afghan Fascist League;;;;;;;;;x
paternal_autocrat_AFG;National Revolutionary Party;National Revolutionary Party;National Revolutionary Party;;National Revolutionary Party;;;;;;;;;x
social_conservative_AFG;Afghan Conservative Party;Afghan Conservative Party;Afghan Conservative Party;;Afghan Conservative Party;;;;;;;;;x
market_liberal_AFG;Afghan Liberal Party;Afghan Liberal Party;Afghan Liberal Party;;Afghan Liberal Party;;;;;;;;;x
social_liberal_AFG;NCPA;NCPA;NCPA;;NCPA;;;;;;;;;x
social_democrat_AFG;Afghan Social Democratic Party;Afghan Social Democratic Party;Afghan Social Democratic Party;;Afghan Social Democratic Party;;;;;;;;;x
left_wing_radical_AFG;RGPA;RGPA;RGPA;;RGPA;;;;;;;;;x
leninist_AFG;PDPA;PDPA;PDPA;;PDPA;;;;;;;;;x
stalinist_AFG;Communist Party of Afghanistan;Communist Party of Afghanistan;Communist Party of Afghanistan;;Communist Party of Afghanistan;;;;;;;;;x
national_socialist_ALB;PNSh;PNSh;PNSh;;PNSh;;;;;;;;;x
fascistic_ALB;PFSh;PFSh;PFSh;;PFSh;;;;;;;;;x
paternal_autocrat_ALB;PMSh;PMSh;PMSh;;PMSh;;;;;;;;;x
social_conservative_ALB;PBKSh;PBKSh;PBKSh;;PBKSh;;;;;;;;;x
market_liberal_ALB;PRSh;PRSh;PRSh;;PRSh;;;;;;;;;x
social_liberal_ALB;PDSh;PDSh;PDSh;;PDSh;;;;;;;;;x
social_democrat_ALB;PSSh;PSSh;PSSh;;PSSh;;;;;;;;;x
left_wing_radical_ALB;PLPSh;PLPSh;PLPSh;;PLPSh;;;;;;;;;x
leninist_ALB;PKSh;PKSh;PKSh;;PKSh;;;;;;;;;x
stalinist_ALB;PPSh;PPSh;PPSh;;PPSh;;;;;;;;;x
national_socialist_ARG;Movimiento Nacional Socialista;Movimiento Nacional Socialista;Movimiento Nacional Socialista;;Movimiento Nacional Socialista;;;;;;;;;x
fascistic_ARG;Frente Justicialista;Frente Justicialista;Frente Justicialista;;Frente Justicialista;;;;;;;;;x
paternal_autocrat_ARG;Partido Justicialista;Partido Justicialista;Partido Justicialista;;Partido Justicialista;;;;;;;;;x
social_conservative_ARG;Partido Demócrata Cristiano;Partido Demócrata Cristiano;Partido Demócrata Cristiano;;Partido Demócrata Cristiano;;;;;;;;;x
market_liberal_ARG;Partido Nacional;Partido Nacional;Partido Nacional;;Partido Nacional;;;;;;;;;x
social_liberal_ARG;Frente para la Victoria;Frente para la Victoria;Frente para la Victoria;;Frente para la Victoria;;;;;;;;;x
social_democrat_ARG;Partido Socialista;Partido Socialista;Partido Socialista;;Partido Socialista;;;;;;;;;x
left_wing_radical_ARG;Unión Cívica Radical;Unión Cívica Radical;Unión Cívica Radical;;Unión Cívica Radical;;;;;;;;;x
leninist_ARG;Partido Obrero;Partido Obrero;Partido Obrero;;Partido Obrero;;;;;;;;;x
stalinist_ARG;Partido Comunista de la Argentina;Partido Comunista de la Argentina;Partido Comunista de la Argentina;;Partido Comunista de la Argentina;;;;;;;;;x
national_socialist_AUS;NSDAP;NSDAP;NSDAP;;NSDAP;;;;;;;;;x
fascistic_AUS;VF;VF;VF;;VF;;;;;;;;;x
paternal_autocrat_AUS;GDVP;GDVP;GDVP;;GDVP;;;;;;;;;x
social_conservative_AUS;CSP;CSP;CSP;;CSP;;;;;;;;;x
market_liberal_AUS;Landbund;Landbund;Landbund;;Landbund;;;;;;;;;x
social_liberal_AUS;ÖSLP;ÖSLP;ÖSLP;;ÖSLP;;;;;;;;;x
left_wing_radical_AUS;Schutzbund;Schutzbund;Schutzbund;;Schutzbund;;;;;;;;;x
national_socialist_BEL;Verdinaso;Verdinaso;Verdinaso;;Verdinaso;;;;;;;;;x
fascistic_BEL;Rex;Rex;Rex;;Rex;;;;;;;;;x
paternal_autocrat_BEL;VNV;VNV;VNV;;VNV;;;;;;;;;x
social_conservative_BEL;Katholieke Unie-Union Catholique;Katholieke Unie-Union Catholique;Katholieke Unie-Union Catholique;;Katholieke Unie-Union Catholique;;;;;;;;;x
market_liberal_BEL;Liberale Partij-Parti Libéral;Liberale Partij-Parti Libéral;Liberale Partij-Parti Libéral;;Liberale Partij-Parti Libéral;;;;;;;;;x
social_liberal_BEL;Afgescheurde Liberalen-Libéraux Déchirés;Afgescheurde Liberalen-Libéraux Déchirés;Afgescheurde Liberalen-Libéraux Déchirés;;Afgescheurde Liberalen-Libéraux Déchirés;;;;;;;;;x
social_democrat_BEL;BWP-BOP;BWP-BOP;BWP-BOP;;BWP-BOP;;;;;;;;;x
left_wing_radical_BEL;Rev.Soc.Actie-Action Soc.Rev.;Rev.Soc.Actie-Action Soc.Rev.;Rev.Soc.Actie-Action Soc.Rev.;;Rev.Soc.Actie-Action Soc.Rev.;;;;;;;;;x
leninist_BEL;Lijst Van Overstraeten-Liste Van Overstraeten;Lijst Van Overstraeten-Liste Van Overstraeten;Lijst Van Overstraeten-Liste Van Overstraeten;;Lijst Van Overstraeten-Liste Van Overstraeten;;;;;;;;;x
stalinist_BEL;KPB-PCB;KPB-PCB;KPB-PCB;;KPB-PCB;;;;;;;;;x
national_socialist_BHU;Bhutan National Socialist Party;Bhutan National Socialist Party;Bhutan National Socialist Party;;Bhutan National Socialist Party;;;;;;;;;x
fascistic_BHU;Bhutan Fascist League;Bhutan Fascist League;Bhutan Fascist League;;Bhutan Fascist League;;;;;;;;;x
paternal_autocrat_BHU;Bhutan Peace and Prosperity Party;Bhutan Peace and Prosperity Party;Bhutan Peace and Prosperity Party;;Bhutan Peace and Prosperity Party;;;;;;;;;x
social_conservative_BHU;Bhutan Conservative Party;Bhutan Conservative Party;Bhutan Conservative Party;;Bhutan Conservative Party;;;;;;;;;x
market_liberal_BHU;Bhutan National Democratic Party ;Bhutan National Democratic Party ;Bhutan National Democratic Party ;;Bhutan National Democratic Party ;;;;;;;;;x
social_liberal_BHU;Bhutan National Congress Party;Bhutan National Congress Party;Bhutan National Congress Party;;Bhutan National Congress Party;;;;;;;;;x
social_democrat_BHU;People's Democratic Party;People's Democratic Party;People's Democratic Party;;People's Democratic Party;;;;;;;;;x
left_wing_radical_BHU;Bhutan Peoples' Party;Bhutan Peoples' Party;Bhutan Peoples' Party;;Bhutan Peoples' Party;;;;;;;;;x
leninist_BHU;Bhutan Communist Party;Bhutan Communist Party;Bhutan Communist Party;;Bhutan Communist Party;;;;;;;;;x
stalinist_BHU;Communist Party of Bhutan;Communist Party of Bhutan;Communist Party of Bhutan;;Communist Party of Bhutan;;;;;;;;;x
national_socialist_BOL;Movimiento Nacional Socialista;Movimiento Nacional Socialista;Movimiento Nacional Socialista;;Movimiento Nacional Socialista;;;;;;;;;x
fascistic_BOL;Falange Socialista Boliviana;Falange Socialista Boliviana;Falange Socialista Boliviana;;Falange Socialista Boliviana;;;;;;;;;x
paternal_autocrat_BOL;Nueva Fuerza Republicana;Nueva Fuerza Republicana;Nueva Fuerza Republicana;;Nueva Fuerza Republicana;;;;;;;;;x
social_conservative_BOL;Unidad Cívica Solidaridad;Unidad Cívica Solidaridad;Unidad Cívica Solidaridad;;Unidad Cívica Solidaridad;;;;;;;;;x
market_liberal_BOL;Partido Liberal;Partido Liberal;Partido Liberal;;Partido Liberal;;;;;;;;;x
social_liberal_BOL;Movimiento Nacionalista Revolucionario;Movimiento Nacionalista Revolucionario;Movimiento Nacionalista Revolucionario;;Movimiento Nacionalista Revolucionario;;;;;;;;;x
social_democrat_BOL;Partido Socialista;Partido Socialista;Partido Socialista;;Partido Socialista;;;;;;;;;x
left_wing_radical_BOL;Partido Obrero Revolucionario;Partido Obrero Revolucionario;Partido Obrero Revolucionario;;Partido Obrero Revolucionario;;;;;;;;;x
leninist_BOL;Partido de la Izquierda Revolucionaria;Partido de la Izquierda Revolucionaria;Partido de la Izquierda Revolucionaria;;Partido de la Izquierda Revolucionaria;;;;;;;;;x
stalinist_BOL;Partido Comunista de Bolivia;Partido Comunista de Bolivia;Partido Comunista de Bolivia;;Partido Comunista de Bolivia;;;;;;;;;x
national_socialist_BRA;Partido Nacional Socialista Brasileiro;Partido Nacional Socialista Brasileiro;Partido Nacional Socialista Brasileiro;;Partido Nacional Socialista Brasileiro;;;;;;;;;x
fascistic_BRA;Ação Integralista Brasileira;Ação Integralista Brasileira;Ação Integralista Brasileira;;Ação Integralista Brasileira;;;;;;;;;x
paternal_autocrat_BRA;Estado Nôvo;Estado Nôvo;Estado Nôvo;;Estado Nôvo;;;;;;;;;x
social_conservative_BRA;Partido de Representação Popular;Partido de Representação Popular;Partido de Representação Popular;;Partido de Representação Popular;;;;;;;;;x
market_liberal_BRA;União Democrática Nacional;União Democrática Nacional;União Democrática Nacional;;União Democrática Nacional;;;;;;;;;x
social_liberal_BRA;Partido Social Democrático;Partido Social Democrático;Partido Social Democrático;;Partido Social Democrático;;;;;;;;;x
social_democrat_BRA;Partido Trabalhista Brasileiro;Partido Trabalhista Brasileiro;Partido Trabalhista Brasileiro;;Partido Trabalhista Brasileiro;;;;;;;;;x
left_wing_radical_BRA;Partido Socialismo e Liberdade;Partido Socialismo e Liberdade;Partido Socialismo e Liberdade;;Partido Socialismo e Liberdade;;;;;;;;;x
leninist_BRA;Partido Comunista do Brasil;Partido Comunista do Brasil;Partido Comunista do Brasil;;Partido Comunista do Brasil;;;;;;;;;x
stalinist_BRA;Partido Comunista Brasileiro;Partido Comunista Brasileiro;Partido Comunista Brasileiro;;Partido Comunista Brasileiro;;;;;;;;;x
national_socialist_BUL;Ratnitsi Napreduka na Bulgarshtinata;Ratnitsi Napreduka na Bulgarshtinata;Ratnitsi Napreduka na Bulgarshtinata;;Ratnitsi Napreduka na Bulgarshtinata;;;;;;;;;x
fascistic_BUL;IMRO;IMRO;IMRO;;IMRO;;;;;;;;;x
paternal_autocrat_BUL;Zveno;Zveno;Zveno;;Zveno;;;;;;;;;x
social_conservative_BUL;Balgarski Zemedelski Naroden Sajuz;Balgarski Zemedelski Naroden Sajuz;Balgarski Zemedelski Naroden Sajuz;;Balgarski Zemedelski Naroden Sajuz;;;;;;;;;x
market_liberal_BUL;Demokraticheska partija;Demokraticheska partija;Demokraticheska partija;;Demokraticheska partija;;;;;;;;;x
social_liberal_BUL;Obedinena Narodnoprogresivna Partija;Obedinena Narodnoprogresivna Partija;Obedinena Narodnoprogresivna Partija;;Obedinena Narodnoprogresivna Partija;;;;;;;;;x
social_democrat_BUL;Partiya Balgarski Sotsialdemokrati;Partiya Balgarski Sotsialdemokrati;Partiya Balgarski Sotsialdemokrati;;Partiya Balgarski Sotsialdemokrati;;;;;;;;;x
left_wing_radical_BUL;Radikalna Partija;Radikalna Partija;Radikalna Partija;;Radikalna Partija;;;;;;;;;x
leninist_BUL;Tesnyatsi;Tesnyatsi;Tesnyatsi;;Tesnyatsi;;;;;;;;;x
stalinist_BUL;Balgarska Komunisticheska Partija;Balgarska Komunisticheska Partija;Balgarska Komunisticheska Partija;;Balgarska Komunisticheska Partija;;;;;;;;;x
national_socialist_CGX;National Socialist Party;National Socialist Party;National Socialist Party;;National Socialist Party;;;;;;;;;x
fascistic_CGX;Chinese Youth Party;Chinese Youth Party;Chinese Youth Party;;Chinese Youth Party;;;;;;;;;x
paternal_autocrat_CGX;Kuomintang;Kuomintang;Kuomintang;;Kuomintang;;;;;;;;;x
social_conservative_CGX;Protect the Emperor Society;Protect the Emperor Society;Protect the Emperor Society;;Protect the Emperor Society;;;;;;;;;x
market_liberal_CGX;Constitutionalist Party;Constitutionalist Party;Constitutionalist Party;;Constitutionalist Party;;;;;;;;;x
social_liberal_CGX;Hundred Days' Reformists;Hundred Days' Reformists;Hundred Days' Reformists;;Hundred Days' Reformists;;;;;;;;;x
social_democrat_CGX;Progressive Party;Progressive Party;Progressive Party;;Progressive Party;;;;;;;;;x
left_wing_radical_CGX;Guangxi Clique;Guangxi Clique;Guangxi Clique;;Guangxi Clique;;;;;;;;;x
leninist_CGX;Chinese Workers and Peasants Party;Chinese Workers and Peasants Party;Chinese Workers and Peasants Party;;Chinese Workers and Peasants Party;;;;;;;;;x
stalinist_CGX;Chinese Communist Party;Chinese Communist Party;Chinese Communist Party;;Chinese Communist Party;;;;;;;;;x
national_socialist_CHC;National Socialist Party;National Socialist Party;National Socialist Party;;National Socialist Party;;;;;;;;;x
fascistic_CHC;Chinese Youth Party;Chinese Youth Party;Chinese Youth Party;;Chinese Youth Party;;;;;;;;;x
paternal_autocrat_CHC;Kuomintang;Kuomintang;Kuomintang;;Kuomintang;;;;;;;;;x
social_conservative_CHC;Protect the Emperor Society;Protect the Emperor Society;Protect the Emperor Society;;Protect the Emperor Society;;;;;;;;;x
market_liberal_CHC;Constitutionalist Party;Constitutionalist Party;Constitutionalist Party;;Constitutionalist Party;;;;;;;;;x
social_liberal_CHC;Hundred Days' Reformists;Hundred Days' Reformists;Hundred Days' Reformists;;Hundred Days' Reformists;;;;;;;;;x
social_democrat_CHC;Progressive Party;Progressive Party;Progressive Party;;Progressive Party;;;;;;;;;x
left_wing_radical_CHC;May Fourth Movement;May Fourth Movement;May Fourth Movement;;May Fourth Movement;;;;;;;;;x
leninist_CHC;Chinese Workers and Peasants Party;Chinese Workers and Peasants Party;Chinese Workers and Peasants Party;;Chinese Workers and Peasants Party;;;;;;;;;x
stalinist_CHC;Chinese Communist Party;Chinese Communist Party;Chinese Communist Party;;Chinese Communist Party;;;;;;;;;x
national_socialist_CHI;National Socialist Party;National Socialist Party;National Socialist Party;;National Socialist Party;;;;;;;;;x
fascistic_CHI;Chinese Youth Party;Chinese Youth Party;Chinese Youth Party;;Chinese Youth Party;;;;;;;;;x
paternal_autocrat_CHI;Kuomintang;Kuomintang;Kuomintang;;Kuomintang;;;;;;;;;x
social_conservative_CHI;Protect the Emperor Society;Protect the Emperor Society;Protect the Emperor Society;;Protect the Emperor Society;;;;;;;;;x
market_liberal_CHI;Constitutionalist Party;Constitutionalist Party;Constitutionalist Party;;Constitutionalist Party;;;;;;;;;x
social_liberal_CHI;Hundred Days' Reformists;Hundred Days' Reformists;Hundred Days' Reformists;;Hundred Days' Reformists;;;;;;;;;x
social_democrat_CHI;Progressive Party;Progressive Party;Progressive Party;;Progressive Party;;;;;;;;;x
left_wing_radical_CHI;May Fourth Movement;May Fourth Movement;May Fourth Movement;;May Fourth Movement;;;;;;;;;x
leninist_CHI;Chinese Workers and Peasants Party;Chinese Workers and Peasants Party;Chinese Workers and Peasants Party;;Chinese Workers and Peasants Party;;;;;;;;;x
stalinist_CHI;Chinese Communist Party;Chinese Communist Party;Chinese Communist Party;;Chinese Communist Party;;;;;;;;;x
national_socialist_CSX;National Socialist Party;National Socialist Party;National Socialist Party;;National Socialist Party;;;;;;;;;x
fascistic_CSX;Chinese Youth Party;Chinese Youth Party;Chinese Youth Party;;Chinese Youth Party;;;;;;;;;x
paternal_autocrat_CSX;Kuomintang;Kuomintang;Kuomintang;;Kuomintang;;;;;;;;;x
social_conservative_CSX;Protect the Emperor Society;Protect the Emperor Society;Protect the Emperor Society;;Protect the Emperor Society;;;;;;;;;x
market_liberal_CSX;Constitutionalist Party;Constitutionalist Party;Constitutionalist Party;;Constitutionalist Party;;;;;;;;;x
social_liberal_CSX;Hundred Days' Reformists;Hundred Days' Reformists;Hundred Days' Reformists;;Hundred Days' Reformists;;;;;;;;;x
social_democrat_CSX;Progressive Party;Progressive Party;Progressive Party;;Progressive Party;;;;;;;;;x
left_wing_radical_CSX;May Fourth Movement;May Fourth Movement;May Fourth Movement;;May Fourth Movement;;;;;;;;;x
leninist_CSX;Chinese Workers and Peasants Party;Chinese Workers and Peasants Party;Chinese Workers and Peasants Party;;Chinese Workers and Peasants Party;;;;;;;;;x
stalinist_CSX;Chinese Communist Party;Chinese Communist Party;Chinese Communist Party;;Chinese Communist Party;;;;;;;;;x
national_socialist_CHL;Movimiento Nacional Socialista de Chile;Movimiento Nacional Socialista de Chile;Movimiento Nacional Socialista de Chile;;Movimiento Nacional Socialista de Chile;;;;;;;;;x
fascistic_CHL;Falange de Chile;Falange de Chile;Falange de Chile;;Falange de Chile;;;;;;;;;x
paternal_autocrat_CHL;Partido Conservador;Partido Conservador;Partido Conservador;;Partido Conservador;;;;;;;;;x
social_conservative_CHL;Partido Demócrata Cristiano de Chile;Partido Demócrata Cristiano de Chile;Partido Demócrata Cristiano de Chile;;Partido Demócrata Cristiano de Chile;;;;;;;;;x
market_liberal_CHL;Partido Nacional;Partido Nacional;Partido Nacional;;Partido Nacional;;;;;;;;;x
social_liberal_CHL;Partido Liberal;Partido Liberal;Partido Liberal;;Partido Liberal;;;;;;;;;x
social_democrat_CHL;Partido Socialista de Chile;Partido Socialista de Chile;Partido Socialista de Chile;;Partido Socialista de Chile;;;;;;;;;x
left_wing_radical_CHL;Partido Radical;Partido Radical;Partido Radical;;Partido Radical;;;;;;;;;x
leninist_CHL;Partido Socialista Obrero;Partido Socialista Obrero;Partido Socialista Obrero;;Partido Socialista Obrero;;;;;;;;;x
stalinist_CHL;Partido Comunista de Chile;Partido Comunista de Chile;Partido Comunista de Chile;;Partido Comunista de Chile;;;;;;;;;x
national_socialist_COL;Movimiento Nacional Socialista;Movimiento Nacional Socialista;Movimiento Nacional Socialista;;Movimiento Nacional Socialista;;;;;;;;;x
fascistic_COL;Falange del Colombia;Falange del Colombia;Falange del Colombia;;Falange del Colombia;;;;;;;;;x
paternal_autocrat_COL;Acción Nacional;Acción Nacional;Acción Nacional;;Acción Nacional;;;;;;;;;x
social_conservative_COL;Partido Conservador Colombiano;Partido Conservador Colombiano;Partido Conservador Colombiano;;Partido Conservador Colombiano;;;;;;;;;x
market_liberal_COL;Partido Liberal Radical Colombiano;Partido Liberal Radical Colombiano;Partido Liberal Radical Colombiano;;Partido Liberal Radical Colombiano;;;;;;;;;x
social_liberal_COL;Partido Liberal Colombiano;Partido Liberal Colombiano;Partido Liberal Colombiano;;Partido Liberal Colombiano;;;;;;;;;x
social_democrat_COL;Partido Socialdemócrata Colombiano;Partido Socialdemócrata Colombiano;Partido Socialdemócrata Colombiano;;Partido Socialdemócrata Colombiano;;;;;;;;;x
left_wing_radical_COL;Partido de los Trabajadores del Colombia;Partido de los Trabajadores del Colombia;Partido de los Trabajadores del Colombia;;Partido de los Trabajadores del Colombia;;;;;;;;;x
leninist_COL;Partido Comunista Marxista-Leninista del Colombia;Partido Comunista Marxista-Leninista del Colombia;Partido Comunista Marxista-Leninista del Colombia;;Partido Comunista Marxista-Leninista del Colombia;;;;;;;;;x
stalinist_COL;Partido Comunista del Colombia;Partido Comunista del Colombia;Partido Comunista del Colombia;;Partido Comunista del Colombia;;;;;;;;;x
national_socialist_COS;Moviemento Nacional Socialista;Moviemento Nacional Socialista;Moviemento Nacional Socialista;;Moviemento Nacional Socialista;;;;;;;;;x
fascistic_COS;Falange de Costa Rica;Falange de Costa Rica;Falange de Costa Rica;;Falange de Costa Rica;;;;;;;;;x
paternal_autocrat_COS;Partido Republicano Nacional;Partido Republicano Nacional;Partido Republicano Nacional;;Partido Republicano Nacional;;;;;;;;;x
social_conservative_COS;Partido de Unidad Socialcristiana;Partido de Unidad Socialcristiana;Partido de Unidad Socialcristiana;;Partido de Unidad Socialcristiana;;;;;;;;;x
market_liberal_COS;Partido Movimiento Libertario;Partido Movimiento Libertario;Partido Movimiento Libertario;;Partido Movimiento Libertario;;;;;;;;;x
social_liberal_COS;Partido Liberación Nacional;Partido Liberación Nacional;Partido Liberación Nacional;;Partido Liberación Nacional;;;;;;;;;x
social_democrat_COS;Partido Socialista;Partido Socialista;Partido Socialista;;Partido Socialista;;;;;;;;;x
left_wing_radical_COS;Partido Vanguardia Popular;Partido Vanguardia Popular;Partido Vanguardia Popular;;Partido Vanguardia Popular;;;;;;;;;x
leninist_COS;Partido Acción Socialist Obrera;Partido Acción Socialist Obrera;Partido Acción Socialist Obrera;;Partido Acción Socialist Obrera;;;;;;;;;x
stalinist_COS;Partido Comunista de Costa Rica;Partido Comunista de Costa Rica;Partido Comunista de Costa Rica;;Partido Comunista de Costa Rica;;;;;;;;;x
national_socialist_CRO;Hrvatski oslobodilacki pokret;Hrvatski oslobodilacki pokret;Hrvatski oslobodilacki pokret;;Hrvatski oslobodilacki pokret;;;;;;;;;x
fascistic_CRO;Ustasha;Ustasha;Ustasha;;Ustasha;;;;;;;;;x
paternal_autocrat_CRO;Hrvatska stranka prava;Hrvatska stranka prava;Hrvatska stranka prava;;Hrvatska stranka prava;;;;;;;;;x
social_conservative_CRO;Hrvatska seljacka stranka;Hrvatska seljacka stranka;Hrvatska seljacka stranka;;Hrvatska seljacka stranka;;;;;;;;;x
market_liberal_CRO;Liberalna stranka;Liberalna stranka;Liberalna stranka;;Liberalna stranka;;;;;;;;;x
social_liberal_CRO;Hrvatska socijalno liberalna stranka;Hrvatska socijalno liberalna stranka;Hrvatska socijalno liberalna stranka;;Hrvatska socijalno liberalna stranka;;;;;;;;;x
social_democrat_CRO;Socijaldemokratska partija Hrvatske;Socijaldemokratska partija Hrvatske;Socijaldemokratska partija Hrvatske;;Socijaldemokratska partija Hrvatske;;;;;;;;;x
left_wing_radical_CRO;Hrvatska napredna stranka;Hrvatska napredna stranka;Hrvatska napredna stranka;;Hrvatska napredna stranka;;;;;;;;;x
leninist_CRO;Savez komunista Hrvatske;Savez komunista Hrvatske;Savez komunista Hrvatske;;Savez komunista Hrvatske;;;;;;;;;x
stalinist_CRO;Komunisticka partija Hrvatske;Komunisticka partija Hrvatske;Komunisticka partija Hrvatske;;Komunisticka partija Hrvatske;;;;;;;;;x
national_socialist_CUB;Movimiento National Socialista;Movimiento National Socialista;Movimiento National Socialista;;Movimiento National Socialista;;;;;;;;;x
fascistic_CUB;Falange de Cuba;Falange de Cuba;Falange de Cuba;;Falange de Cuba;;;;;;;;;x
paternal_autocrat_CUB;Partido Auténtico;Partido Auténtico;Partido Auténtico;;Partido Auténtico;;;;;;;;;x
social_conservative_CUB;Partido Demócrata Cristiano de Cuba;Partido Demócrata Cristiano de Cuba;Partido Demócrata Cristiano de Cuba;;Partido Demócrata Cristiano de Cuba;;;;;;;;;x
market_liberal_CUB;Unión Liberal Cubana;Unión Liberal Cubana;Unión Liberal Cubana;;Unión Liberal Cubana;;;;;;;;;x
social_liberal_CUB;Movimiento Liberal Cubano;Movimiento Liberal Cubano;Movimiento Liberal Cubano;;Movimiento Liberal Cubano;;;;;;;;;x
social_democrat_CUB;PSRDC;PSRDC;PSRDC;;PSRDC;;;;;;;;;x
left_wing_radical_CUB;Partido Ortodoxo;Partido Ortodoxo;Partido Ortodoxo;;Partido Ortodoxo;;;;;;;;;x
leninist_CUB;Partido Socialista Popular;Partido Socialista Popular;Partido Socialista Popular;;Partido Socialista Popular;;;;;;;;;x
stalinist_CUB;Partido Comunista de Cuba;Partido Comunista de Cuba;Partido Comunista de Cuba;;Partido Comunista de Cuba;;;;;;;;;x
national_socialist_CYN;National Socialist Party;National Socialist Party;National Socialist Party;;National Socialist Party;;;;;;;;;x
fascistic_CYN;Chinese Youth Party;Chinese Youth Party;Chinese Youth Party;;Chinese Youth Party;;;;;;;;;x
paternal_autocrat_CYN;Yunnan Clique;Yunnan Clique;Yunnan Clique;;Yunnan Clique;;;;;;;;;x
social_conservative_CYN;Protect the Emperor Society;Protect the Emperor Society;Protect the Emperor Society;;Protect the Emperor Society;;;;;;;;;x
market_liberal_CYN;Constitutionalist Party;Constitutionalist Party;Constitutionalist Party;;Constitutionalist Party;;;;;;;;;x
social_liberal_CYN;Hundred Days' Reformists;Hundred Days' Reformists;Hundred Days' Reformists;;Hundred Days' Reformists;;;;;;;;;x
social_democrat_CYN;Progressive Party;Progressive Party;Progressive Party;;Progressive Party;;;;;;;;;x
left_wing_radical_CYN;May Fourth Movement;May Fourth Movement;May Fourth Movement;;May Fourth Movement;;;;;;;;;x
leninist_CYN;Chinese Workers and Peasants Party;Chinese Workers and Peasants Party;Chinese Workers and Peasants Party;;Chinese Workers and Peasants Party;;;;;;;;;x
stalinist_CYN;Chinese Communist Party;Chinese Communist Party;Chinese Communist Party;;Chinese Communist Party;;;;;;;;;x
national_socialist_CXB;National Socialist Party;National Socialist Party;National Socialist Party;;National Socialist Party;;;;;;;;;x
fascistic_CXB;Chinese Youth Party;Chinese Youth Party;Chinese Youth Party;;Chinese Youth Party;;;;;;;;;x
paternal_autocrat_CXB;Ma Clique;Ma Clique;Ma Clique;;Ma Clique;;;;;;;;;x
social_conservative_CXB;Protect the Emperor Society;Protect the Emperor Society;Protect the Emperor Society;;Protect the Emperor Society;;;;;;;;;x
market_liberal_CXB;Constitutionalist Party;Constitutionalist Party;Constitutionalist Party;;Constitutionalist Party;;;;;;;;;x
social_liberal_CXB;Hundred Days' Reformists;Hundred Days' Reformists;Hundred Days' Reformists;;Hundred Days' Reformists;;;;;;;;;x
social_democrat_CXB;Progressive Party;Progressive Party;Progressive Party;;Progressive Party;;;;;;;;;x
left_wing_radical_CXB;May Fourth Movement;May Fourth Movement;May Fourth Movement;;May Fourth Movement;;;;;;;;;x
leninist_CXB;Chinese Workers and Peasants Party;Chinese Workers and Peasants Party;Chinese Workers and Peasants Party;;Chinese Workers and Peasants Party;;;;;;;;;x
stalinist_CXB;Chinese Communist Party;Chinese Communist Party;Chinese Communist Party;;Chinese Communist Party;;;;;;;;;x
national_socialist_DDR;NDPD;NDPD;NDPD;;NDPD;;;;;;;;;x
fascistic_DDR;DRP;DRP;DRP;;DRP;;;;;;;;;x
paternal_autocrat_DDR;DReP;DReP;DReP;;DReP;;;;;;;;;x
social_conservative_DDR;DBD;DBD;DBD;;DBD;;;;;;;;;x
market_liberal_DDR;LDPD;LDPD;LDPD;;LDPD;;;;;;;;;x
social_liberal_DDR;CDU;CDU;CDU;;CDU;;;;;;;;;x
social_democrat_DDR;SPD;SPD;SPD;;SPD;;;;;;;;;x
left_wing_radical_DDR;DKP;DKP;DKP;;DKP;;;;;;;;;x
leninist_DDR;MLPD;MLPD;MLPD;;MLPD;;;;;;;;;x
stalinist_DDR;SED;SED;SED;;SED;;;;;;;;;x
national_socialist_DEN;Nationalsocialistiske Arbejderparti;Nationalsocialistiske Arbejderparti;Nationalsocialistiske Arbejderparti;;Nationalsocialistiske Arbejderparti;;;;;;;;;x
fascistic_DEN;Bondepartiet;Bondepartiet;Bondepartiet;;Bondepartiet;;;;;;;;;x
paternal_autocrat_DEN;Danish Unity;Danish Unity;Danish Unity;;Danish Unity;;;;;;;;;x
social_conservative_DEN;Det Konservative Folkeparti;Det Konservative Folkeparti;Det Konservative Folkeparti;;Det Konservative Folkeparti;;;;;;;;;x
market_liberal_DEN;Venstre;Venstre;Venstre;;Venstre;;;;;;;;;x
social_liberal_DEN;Radikale Venstre;Radikale Venstre;Radikale Venstre;;Radikale Venstre;;;;;;;;;x
social_democrat_DEN;Socialdemokraterne;Socialdemokraterne;Socialdemokraterne;;Socialdemokraterne;;;;;;;;;x
left_wing_radical_DEN;Danmarks Retsforbund;Danmarks Retsforbund;Danmarks Retsforbund;;Danmarks Retsforbund;;;;;;;;;x
leninist_DEN;Venstresocialistiske Parti;Venstresocialistiske Parti;Venstresocialistiske Parti;;Venstresocialistiske Parti;;;;;;;;;x
stalinist_DEN;Danmarks Kommunistiske Parti;Danmarks Kommunistiske Parti;Danmarks Kommunistiske Parti;;Danmarks Kommunistiske Parti;;;;;;;;;x
national_socialist_DFR;SRD;SRD;SRD;;SRD;;;;;;;;;x
fascistic_DFR;DRP;DRP;DRP;;DRP;;;;;;;;;x
paternal_autocrat_DFR;DReP;DReP;DReP;;DReP;;;;;;;;;x
social_conservative_DFR;DP;DP;DP;;DP;;;;;;;;;x
market_liberal_DFR;FDP;FDP;FDP;;FDP;;;;;;;;;x
social_liberal_DFR;CDU;CDU;CDU;;CDU;;;;;;;;;x
social_democrat_DFR;SPD;SPD;SPD;;SPD;;;;;;;;;x
left_wing_radical_DFR;DKP;DKP;DKP;;DKP;;;;;;;;;x
leninist_DFR;MLPD;MLPD;MLPD;;MLPD;;;;;;;;;x
stalinist_DFR;KPD;KPD;KPD;;KPD;;;;;;;;;x
national_socialist_DOM;Movimiento National Socialista;Movimiento National Socialista;Movimiento National Socialista;;Movimiento National Socialista;;;;;;;;;x
fascistic_DOM;Falange de Dominicano;Falange de Dominicano;Falange de Dominicano;;Falange de Dominicano;;;;;;;;;x
paternal_autocrat_DOM;Partido Dominicano;Partido Dominicano;Partido Dominicano;;Partido Dominicano;;;;;;;;;x
social_conservative_DOM;Partido Reformista Social Cristiano;Partido Reformista Social Cristiano;Partido Reformista Social Cristiano;;Partido Reformista Social Cristiano;;;;;;;;;x
market_liberal_DOM;Fuerza Nacional Progresista;Fuerza Nacional Progresista;Fuerza Nacional Progresista;;Fuerza Nacional Progresista;;;;;;;;;x
social_liberal_DOM;Partido de la Liberación Dominicana;Partido de la Liberación Dominicana;Partido de la Liberación Dominicana;;Partido de la Liberación Dominicana;;;;;;;;;x
social_democrat_DOM;Partido Revolucionario Dominicano;Partido Revolucionario Dominicano;Partido Revolucionario Dominicano;;Partido Revolucionario Dominicano;;;;;;;;;x
left_wing_radical_DOM;Partido de los Trabajadores Dominicanos;Partido de los Trabajadores Dominicanos;Partido de los Trabajadores Dominicanos;;Partido de los Trabajadores Dominicanos;;;;;;;;;x
leninist_DOM;Movimiento Popular Dominicano;Movimiento Popular Dominicano;Movimiento Popular Dominicano;;Movimiento Popular Dominicano;;;;;;;;;x
stalinist_DOM;Partido Comunista de Dominicano;Partido Comunista de Dominicano;Partido Comunista de Dominicano;;Partido Comunista de Dominicano;;;;;;;;;x
national_socialist_ECU;Movimiento Nacional Socialista;Movimiento Nacional Socialista;Movimiento Nacional Socialista;;Movimiento Nacional Socialista;;;;;;;;;x
fascistic_ECU;Falange del Ecuador;Falange del Ecuador;Falange del Ecuador;;Falange del Ecuador;;;;;;;;;x
paternal_autocrat_ECU;Acción Nacional;Acción Nacional;Acción Nacional;;Acción Nacional;;;;;;;;;x
social_conservative_ECU;Frente Radical Alfarista;Frente Radical Alfarista;Frente Radical Alfarista;;Frente Radical Alfarista;;;;;;;;;x
market_liberal_ECU;Partido Liberal Radical Ecuatoriano;Partido Liberal Radical Ecuatoriano;Partido Liberal Radical Ecuatoriano;;Partido Liberal Radical Ecuatoriano;;;;;;;;;x
social_liberal_ECU;Concentración de Fuerzas Populares;Concentración de Fuerzas Populares;Concentración de Fuerzas Populares;;Concentración de Fuerzas Populares;;;;;;;;;x
social_democrat_ECU;Partido Socialista;Partido Socialista;Partido Socialista;;Partido Socialista;;;;;;;;;x
left_wing_radical_ECU;Partido de los Trabajadores del Ecuador;Partido de los Trabajadores del Ecuador;Partido de los Trabajadores del Ecuador;;Partido de los Trabajadores del Ecuador;;;;;;;;;x
leninist_ECU;Partido Comunista Marxista-Leninista del Ecuador;Partido Comunista Marxista-Leninista del Ecuador;Partido Comunista Marxista-Leninista del Ecuador;;Partido Comunista Marxista-Leninista del Ecuador;;;;;;;;;x
stalinist_ECU;Partido Comunista del Ecuador;Partido Comunista del Ecuador;Partido Comunista del Ecuador;;Partido Comunista del Ecuador;;;;;;;;;x
national_socialist_EGY;Arab National Socialist Party;Arab National Socialist Party;Arab National Socialist Party;;Arab National Socialist Party;;;;;;;;;x
fascistic_EGY;Arab Fascistic Front;Arab Fascistic Front;Arab Fascistic Front;;Arab Fascistic Front;;;;;;;;;x
paternal_autocrat_EGY;The Abaza Clan;The Abaza Clan;The Abaza Clan;;The Abaza Clan;;;;;;;;;x
social_conservative_EGY;Muslim Brotherhood;Muslim Brotherhood;Muslim Brotherhood;;Muslim Brotherhood;;;;;;;;;x
market_liberal_EGY;Wafd Party;Wafd Party;Wafd Party;;Wafd Party;;;;;;;;;x
social_liberal_EGY;Ummah Party;Ummah Party;Ummah Party;;Ummah Party;;;;;;;;;x
social_democrat_EGY;Arab Socialist Union;Arab Socialist Union;Arab Socialist Union;;Arab Socialist Union;;;;;;;;;x
left_wing_radical_EGY;National Progressive Unionist Party;National Progressive Unionist Party;National Progressive Unionist Party;;National Progressive Unionist Party;;;;;;;;;x
leninist_EGY;Egyptian Arab Socialist Party;Egyptian Arab Socialist Party;Egyptian Arab Socialist Party;;Egyptian Arab Socialist Party;;;;;;;;;x
stalinist_EGY;Communist Party of Egypt;Communist Party of Egypt;Communist Party of Egypt;;Communist Party of Egypt;;;;;;;;;x
national_socialist_EST;Heimwehr;Heimwehr;Heimwehr;;Heimwehr;;;;;;;;;x
fascistic_EST;VAPSID;VAPSID;VAPSID;;VAPSID;;;;;;;;;x
paternal_autocrat_EST;Talurahvaerakond;Talurahvaerakond;Talurahvaerakond;;Talurahvaerakond;;;;;;;;;x
social_conservative_EST;EKR;EKR;EKR;;EKR;;;;;;;;;x
market_liberal_EST;VKR;VKR;VKR;;VKR;;;;;;;;;x
social_liberal_EST;ER;ER;ER;;ER;;;;;;;;;x
left_wing_radical_EST;ESP;ESP;ESP;;ESP;;;;;;;;;x
stalinist_EST;EKP;EKP;EKP;;EKP;;;;;;;;;x
national_socialist_ETH;Ethiopian National Socialist Party;Ethiopian National Socialist Party;Ethiopian National Socialist Party;;Ethiopian National Socialist Party;;;;;;;;;x
fascistic_ETH;Ethiopian Fascistic Front;Ethiopian Fascistic Front;Ethiopian Fascistic Front;;Ethiopian Fascistic Front;;;;;;;;;x
paternal_autocrat_ETH;Mekwanint;Mekwanint;Mekwanint;;Mekwanint;;;;;;;;;x
social_conservative_ETH;Mesafint;Mesafint;Mesafint;;Mesafint;;;;;;;;;x
market_liberal_ETH;All-Ethiopian Unity Party;All-Ethiopian Unity Party;All-Ethiopian Unity Party;;All-Ethiopian Unity Party;;;;;;;;;x
social_liberal_ETH;Ethiopian Democratic Unity Party;Ethiopian Democratic Unity Party;Ethiopian Democratic Unity Party;;Ethiopian Democratic Unity Party;;;;;;;;;x
social_democrat_ETH;Ethiopian Social Democratic Federal Party;Ethiopian Social Democratic Federal Party;Ethiopian Social Democratic Federal Party;;Ethiopian Social Democratic Federal Party;;;;;;;;;x
left_wing_radical_ETH;Ethiopian People's Revolutionary Party;Ethiopian People's Revolutionary Party;Ethiopian People's Revolutionary Party;;Ethiopian People's Revolutionary Party;;;;;;;;;x
leninist_ETH;All-Ethiopia Socialist Movement;All-Ethiopia Socialist Movement;All-Ethiopia Socialist Movement;;All-Ethiopia Socialist Movement;;;;;;;;;x
stalinist_ETH;Workers' Party of Ethiopia;Workers' Party of Ethiopia;Workers' Party of Ethiopia;;Workers' Party of Ethiopia;;;;;;;;;x
national_socialist_FIN;Sinimustat;Sinimustat;Sinimustat;;Sinimustat;;;;;;;;;x
fascistic_FIN;Lapuan liike;Lapuan liike;Lapuan liike;;Lapuan liike;;;;;;;;;x
paternal_autocrat_FIN;IKL;IKL;IKL;;IKL;;;;;;;;;x
social_conservative_FIN;Kok;Kok;Kok;;Kok;;;;;;;;;x
market_liberal_FIN;KE;KE;KE;;KE;;;;;;;;;x
social_liberal_FIN;SKK;SKK;SKK;;SKK;;;;;;;;;x
social_democrat_FIN;SDP;SDP;SDP;;SDP;;;;;;;;;x
left_wing_radical_FIN;SKDL;SKDL;SKDL;;SKDL;;;;;;;;;x
leninist_FIN;SYP;SYP;SYP;;SYP;;;;;;;;;x
stalinist_FIN;SKP;SKP;SKP;;SKP;;;;;;;;;x
national_socialist_GRE;EESK;EESK;EESK;;EESK;;;;;;;;;x
fascistic_GRE;EEE;EEE;EEE;;EEE;;;;;;;;;x
paternal_autocrat_GRE;LK;LK;LK;;LK;;;;;;;;;x
social_conservative_GRE;SDK;SDK;SDK;;SDK;;;;;;;;;x
market_liberal_GRE;KF;KF;KF;;KF;;;;;;;;;x
social_liberal_GRE;DE;DE;DE;;DE;;;;;;;;;x
social_democrat_GRE;DSK;DSK;DSK;;DSK;;;;;;;;;x
left_wing_radical_GRE;SEKE;SEKE;SEKE;;SEKE;;;;;;;;;x
leninist_GRE;AEK;AEK;AEK;;AEK;;;;;;;;;x
stalinist_GRE;KKE;KKE;KKE;;KKE;;;;;;;;;x
national_socialist_GUA;Movimiento Nacional Socialista;Movimiento Nacional Socialista;Movimiento Nacional Socialista;;Movimiento Nacional Socialista;;;;;;;;;x
fascistic_GUA;Falange de Guatemala;Falange de Guatemala;Falange de Guatemala;;Falange de Guatemala;;;;;;;;;x
paternal_autocrat_GUA;Frente Republicano Guatemalteco;Frente Republicano Guatemalteco;Frente Republicano Guatemalteco;;Frente Republicano Guatemalteco;;;;;;;;;x
social_conservative_GUA;Unidad Nacional de la Esperanza;Unidad Nacional de la Esperanza;Unidad Nacional de la Esperanza;;Unidad Nacional de la Esperanza;;;;;;;;;x
market_liberal_GUA;Partido Unionista;Partido Unionista;Partido Unionista;;Partido Unionista;;;;;;;;;x
social_liberal_GUA;Unión Democrática;Unión Democrática;Unión Democrática;;Unión Democrática;;;;;;;;;x
social_democrat_GUA;Partido Guatemalteco del Trabajo;Partido Guatemalteco del Trabajo;Partido Guatemalteco del Trabajo;;Partido Guatemalteco del Trabajo;;;;;;;;;x
left_wing_radical_GUA;Partido Accion Revolucion;Partido Accion Revolucion;Partido Accion Revolucion;;Partido Accion Revolucion;;;;;;;;;x
leninist_GUA;Vanguardia Democrática Guatemalteca;Vanguardia Democrática Guatemalteca;Vanguardia Democrática Guatemalteca;;Vanguardia Democrática Guatemalteca;;;;;;;;;x
stalinist_GUA;Partido Comunista de Guatemala;Partido Comunista de Guatemala;Partido Comunista de Guatemala;;Partido Comunista de Guatemala;;;;;;;;;x
national_socialist_GUY;Guyana National Socialist Movement;Guyana National Socialist Movement;Guyana National Socialist Movement;;Guyana National Socialist Movement;;;;;;;;;x
fascistic_GUY;Guyana Fascist League;Guyana Fascist League;Guyana Fascist League;;Guyana Fascist League;;;;;;;;;x
paternal_autocrat_GUY;Guyana National Party;Guyana National Party;Guyana National Party;;Guyana National Party;;;;;;;;;x
social_conservative_GUY;National Republican Party;National Republican Party;National Republican Party;;National Republican Party;;;;;;;;;x
market_liberal_GUY;National Democratic Movement;National Democratic Movement;National Democratic Movement;;National Democratic Movement;;;;;;;;;x
social_liberal_GUY;Peoples Democratic Party;Peoples Democratic Party;Peoples Democratic Party;;Peoples Democratic Party;;;;;;;;;x
social_democrat_GUY;People's National Congress;People's National Congress;People's National Congress;;People's National Congress;;;;;;;;;x
left_wing_radical_GUY;People's Progressive Party;People's Progressive Party;People's Progressive Party;;People's Progressive Party;;;;;;;;;x
leninist_GUY;Working People's Vanguard Party;Working People's Vanguard Party;Working People's Vanguard Party;;Working People's Vanguard Party;;;;;;;;;x
stalinist_GUY;Communist Party of Guyana;Communist Party of Guyana;Communist Party of Guyana;;Communist Party of Guyana;;;;;;;;;x
national_socialist_HAI;PPH;PPH;PPH;;PPH;;;;;;;;;x
fascistic_HAI;VSN;VSN;VSN;;VSN;;;;;;;;;x
paternal_autocrat_HAI;Conseil Militaire;Conseil Militaire;Conseil Militaire;;Conseil Militaire;;;;;;;;;x
social_conservative_HAI;MCBNH;MCBNH;MCBNH;;MCBNH;;;;;;;;;x
market_liberal_HAI;MIRN;MIRN;MIRN;;MIRN;;;;;;;;;x
social_liberal_HAI;RDNP;RDNP;RDNP;;RDNP;;;;;;;;;x
social_democrat_HAI;SDH;SDH;SDH;;SDH;;;;;;;;;x
left_wing_radical_HAI;POIH;POIH;POIH;;POIH;;;;;;;;;x
leninist_HAI;PCOH;PCOH;PCOH;;PCOH;;;;;;;;;x
stalinist_HAI;PCH;PCH;PCH;;PCH;;;;;;;;;x
national_socialist_HOL;NSB;NSB;NSB;;NSB;;;;;;;;;x
fascistic_HOL;ANFB;ANFB;ANFB;;ANFB;;;;;;;;;x
paternal_autocrat_HOL;NVP;NVP;NVP;;NVP;;;;;;;;;x
social_conservative_HOL;ARP;ARP;ARP;;ARP;;;;;;;;;x
market_liberal_HOL;LSP;LSP;LSP;;LSP;;;;;;;;;x
social_liberal_HOL;KVP;KVP;KVP;;KVP;;;;;;;;;x
social_democrat_HOL;SDAP;SDAP;SDAP;;SDAP;;;;;;;;;x
left_wing_radical_HOL;OSP;OSP;OSP;;OSP;;;;;;;;;x
leninist_HOL;RSAP;RSAP;RSAP;;RSAP;;;;;;;;;x
stalinist_HOL;CPN;CPN;CPN;;CPN;;;;;;;;;x
national_socialist_HON;Movimiento Nacional Socialista;Movimiento Nacional Socialista;Movimiento Nacional Socialista;;Movimiento Nacional Socialista;;;;;;;;;x
fascistic_HON;Falange de Honduras;Falange de Honduras;Falange de Honduras;;Falange de Honduras;;;;;;;;;x
paternal_autocrat_HON;Partido Nacional;Partido Nacional;Partido Nacional;;Partido Nacional;;;;;;;;;x
social_conservative_HON;Partido Demócrata Cristiano de Honduras;Partido Demócrata Cristiano de Honduras;Partido Demócrata Cristiano de Honduras;;Partido Demócrata Cristiano de Honduras;;;;;;;;;x
market_liberal_HON;Partido Liberal de Honduras;Partido Liberal de Honduras;Partido Liberal de Honduras;;Partido Liberal de Honduras;;;;;;;;;x
social_liberal_HON;Partido Unificación Democrática;Partido Unificación Democrática;Partido Unificación Democrática;;Partido Unificación Democrática;;;;;;;;;x
social_democrat_HON;Partido Innovación y Unidad;Partido Innovación y Unidad;Partido Innovación y Unidad;;Partido Innovación y Unidad;;;;;;;;;x
left_wing_radical_HON;Partido Revolucionario Hondureño;Partido Revolucionario Hondureño;Partido Revolucionario Hondureño;;Partido Revolucionario Hondureño;;;;;;;;;x
leninist_HON;Fuerzas Populares Revolucionarias;Fuerzas Populares Revolucionarias;Fuerzas Populares Revolucionarias;;Fuerzas Populares Revolucionarias;;;;;;;;;x
stalinist_HON;Partido Comunista de Honduras;Partido Comunista de Honduras;Partido Comunista de Honduras;;Partido Comunista de Honduras;;;;;;;;;x
national_socialist_HUN;HNSP;HNSP;HNSP;;HNSP;;;;;;;;;x
fascistic_HUN;Arrow Cross Party;Arrow Cross Party;Arrow Cross Party;;Arrow Cross Party;;;;;;;;;x
paternal_autocrat_HUN;KDNP;KDNP;KDNP;;KDNP;;;;;;;;;x
social_conservative_HUN;FKFPP;FKFPP;FKFPP;;FKFPP;;;;;;;;;x
market_liberal_HUN;NZP;NZP;NZP;;NZP;;;;;;;;;x
social_liberal_HUN;PS;PS;PS;;PS;;;;;;;;;x
social_democrat_HUN;MSZDP;MSZDP;MSZDP;;MSZDP;;;;;;;;;x
left_wing_radical_HUN;MDP;MDP;MDP;;MDP;;;;;;;;;x
leninist_HUN;MSzMP;MSzMP;MSzMP;;MSzMP;;;;;;;;;x
stalinist_HUN;KMP;KMP;KMP;;KMP;;;;;;;;;x
national_socialist_ICL;Flokkur Thjóedernissinna Sósíalista;Flokkur Thjóedernissinna Sósíalista;Flokkur Thjóedernissinna Sósíalista;;Flokkur Thjóedernissinna Sósíalista;;;;;;;;;x
fascistic_ICL;Flokkur Thjóedernissinna;Flokkur Thjóedernissinna;Flokkur Thjóedernissinna;;Flokkur Thjóedernissinna;;;;;;;;;x
paternal_autocrat_ICL;Thjódevarnarflokkurinn;Thjódevarnarflokkurinn;Thjódevarnarflokkurinn;;Thjódevarnarflokkurinn;;;;;;;;;x
social_conservative_ICL;Sjálfstaedeisflokkurinn;Sjálfstaedeisflokkurinn;Sjálfstaedeisflokkurinn;;Sjálfstaedeisflokkurinn;;;;;;;;;x
market_liberal_ICL;Frjálslyndi flokkurinn;Frjálslyndi flokkurinn;Frjálslyndi flokkurinn;;Frjálslyndi flokkurinn;;;;;;;;;x
social_liberal_ICL;Framsóknarflokkurinn;Framsóknarflokkurinn;Framsóknarflokkurinn;;Framsóknarflokkurinn;;;;;;;;;x
social_democrat_ICL;Althýeduflokkur;Althýeduflokkur;Althýeduflokkur;;Althýeduflokkur;;;;;;;;;x
left_wing_radical_ICL;Sósíalistaflokkurinn;Sósíalistaflokkurinn;Sósíalistaflokkurinn;;Sósíalistaflokkurinn;;;;;;;;;x
leninist_ICL;Jafnaedarmannafélagied Sparta;Jafnaedarmannafélagied Sparta;Jafnaedarmannafélagied Sparta;;Jafnaedarmannafélagied Sparta;;;;;;;;;x
stalinist_ICL;Kommúnistaflokkur Íslands;Kommúnistaflokkur Íslands;Kommúnistaflokkur Íslands;;Kommúnistaflokkur Íslands;;;;;;;;;x
national_socialist_IDC;National Socialist Party;National Socialist Party;National Socialist Party;;National Socialist Party;;;;;;;;;x
fascistic_IDC;Fascistic Front;Fascistic Front;Fascistic Front;;Fascistic Front;;;;;;;;;x
paternal_autocrat_IDC;Nationalist Party;Nationalist Party;Nationalist Party;;Nationalist Party;;;;;;;;;x
social_conservative_IDC;Conservative Party;Conservative Party;Conservative Party;;Conservative Party;;;;;;;;;x
market_liberal_IDC;Democratic Party of Indochina;Democratic Party of Indochina;Democratic Party of Indochina;;Democratic Party of Indochina;;;;;;;;;x
social_liberal_IDC;Indochinese Populist Party;Indochinese Populist Party;Indochinese Populist Party;;Indochinese Populist Party;;;;;;;;;x
social_democrat_IDC;Social Democrat Party;Social Democrat Party;Social Democrat Party;;Social Democrat Party;;;;;;;;;x
left_wing_radical_IDC;Indochinese Communist Party;Indochinese Communist Party;Indochinese Communist Party;;Indochinese Communist Party;;;;;;;;;x
leninist_IDC;Communist Party of Indochina;Communist Party of Indochina;Communist Party of Indochina;;Communist Party of Indochina;;;;;;;;;x
stalinist_IDC;Khmer Rouge;Khmer Rouge;Khmer Rouge;;Khmer Rouge;;;;;;;;;x
national_socialist_IND;Indian National Army;Indian National Army;Indian National Army;;Indian National Army;;;;;;;;;x
fascistic_IND;Indian Independence League;Indian Independence League;Indian Independence League;;Indian Independence League;;;;;;;;;x
paternal_autocrat_IND;Khilafat Movement;Khilafat Movement;Khilafat Movement;;Khilafat Movement;;;;;;;;;x
social_conservative_IND;Muslim League;Muslim League;Muslim League;;Muslim League;;;;;;;;;x
market_liberal_IND;Bharatiya Janata Party;Bharatiya Janata Party;Bharatiya Janata Party;;Bharatiya Janata Party;;;;;;;;;x
social_liberal_IND;Bahujan Samaj Party;Bahujan Samaj Party;Bahujan Samaj Party;;Bahujan Samaj Party;;;;;;;;;x
social_democrat_IND;Congress Party;Congress Party;Congress Party;;Congress Party;;;;;;;;;x
left_wing_radical_IND;Ghadar Party;Ghadar Party;Ghadar Party;;Ghadar Party;;;;;;;;;x
leninist_IND;Workers and Peasants Party;Workers and Peasants Party;Workers and Peasants Party;;Workers and Peasants Party;;;;;;;;;x
stalinist_IND;Communist Party of India;Communist Party of India;Communist Party of India;;Communist Party of India;;;;;;;;;x
national_socialist_INO;Partai Indonesia Raya;Partai Indonesia Raya;Partai Indonesia Raya;;Partai Indonesia Raya;;;;;;;;;x
fascistic_INO;BPUPKI;BPUPKI;BPUPKI;;BPUPKI;;;;;;;;;x
paternal_autocrat_INO;Partai Nasional Indonesia;Partai Nasional Indonesia;Partai Nasional Indonesia;;Partai Nasional Indonesia;;;;;;;;;x
social_conservative_INO;Partai Kristen Indonesia;Partai Kristen Indonesia;Partai Kristen Indonesia;;Partai Kristen Indonesia;;;;;;;;;x
market_liberal_INO;Partai Rakyat Indonesia Merdeka;Partai Rakyat Indonesia Merdeka;Partai Rakyat Indonesia Merdeka;;Partai Rakyat Indonesia Merdeka;;;;;;;;;x
social_liberal_INO;Partai Rakyat Nasional;Partai Rakyat Nasional;Partai Rakyat Nasional;;Partai Rakyat Nasional;;;;;;;;;x
social_democrat_INO;Partai Sosialis Indonesia;Partai Sosialis Indonesia;Partai Sosialis Indonesia;;Partai Sosialis Indonesia;;;;;;;;;x
left_wing_radical_INO;ISDV;ISDV;ISDV;;ISDV;;;;;;;;;x
leninist_INO;Gerindo;Gerindo;Gerindo;;Gerindo;;;;;;;;;x
stalinist_INO;Partai Komunis Indonesia;Partai Komunis Indonesia;Partai Komunis Indonesia;;Partai Komunis Indonesia;;;;;;;;;x
national_socialist_IRE;Irish National Socialist Party;Irish National Socialist Party;Irish National Socialist Party;;Irish National Socialist Party;;;;;;;;;x
fascistic_IRE;NCP;NCP;NCP;;NCP;;;;;;;;;x
paternal_autocrat_IRE;United Gaelic Front;United Gaelic Front;United Gaelic Front;;United Gaelic Front;;;;;;;;;x
social_conservative_IRE;Fine Gael;Fine Gael;Fine Gael;;Fine Gael;;;;;;;;;x
market_liberal_IRE;Fianna Fáil;Fianna Fáil;Fianna Fáil;;Fianna Fáil;;;;;;;;;x
social_liberal_IRE;Liberal Party;Liberal Party;Liberal Party;;Liberal Party;;;;;;;;;x
left_wing_radical_IRE;Sinn Féin;Sinn Féin;Sinn Féin;;Sinn Féin;;;;;;;;;x
leninist_IRE;Socialist Party;Socialist Party;Socialist Party;;Socialist Party;;;;;;;;;x
stalinist_IRE;CPI;CPI;CPI;;CPI;;;;;;;;;x
national_socialist_IRQ;Arab National Socialist Party;Arab National Socialist Party;Arab National Socialist Party;;Arab National Socialist Party;;;;;;;;;x
fascistic_IRQ;Arab Fascistic Front;Arab Fascistic Front;Arab Fascistic Front;;Arab Fascistic Front;;;;;;;;;x
paternal_autocrat_IRQ;The Hashemites;The Hashemites;The Hashemites;;The Hashemites;;;;;;;;;x
social_conservative_IRQ;Islamic Dawa Party;Islamic Dawa Party;Islamic Dawa Party;;Islamic Dawa Party;;;;;;;;;x
market_liberal_IRQ;Reform Party;Reform Party;Reform Party;;Reform Party;;;;;;;;;x
social_liberal_IRQ;Arabic Democratic Unionist Party;Arabic Democratic Unionist Party;Arabic Democratic Unionist Party;;Arabic Democratic Unionist Party;;;;;;;;;x
social_democrat_IRQ;Arab Socialist Union;Arab Socialist Union;Arab Socialist Union;;Arab Socialist Union;;;;;;;;;x
left_wing_radical_IRQ;Worker-Communist Party of Iraq;Worker-Communist Party of Iraq;Worker-Communist Party of Iraq;;Worker-Communist Party of Iraq;;;;;;;;;x
leninist_IRQ;Ba'ath Party;Ba'ath Party;Ba'ath Party;;Ba'ath Party;;;;;;;;;x
stalinist_IRQ;Iraqi Communist Party;Iraqi Communist Party;Iraqi Communist Party;;Iraqi Communist Party;;;;;;;;;x
national_socialist_ISR;National Socialist Party;National Socialist Party;National Socialist Party;;National Socialist Party;;;;;;;;;x
fascistic_ISR;Fascistic Front;Fascistic Front;Fascistic Front;;Fascistic Front;;;;;;;;;x
paternal_autocrat_ISR;Herut;Herut;Herut;;Herut;;;;;;;;;x
social_conservative_ISR;Agudat Yisrael;Agudat Yisrael;Agudat Yisrael;;Agudat Yisrael;;;;;;;;;x
market_liberal_ISR;Miflega Libralit Yisraelit;Miflega Libralit Yisraelit;Miflega Libralit Yisraelit;;Miflega Libralit Yisraelit;;;;;;;;;x
social_liberal_ISR;Tzionim Klalim;Tzionim Klalim;Tzionim Klalim;;Tzionim Klalim;;;;;;;;;x
social_democrat_ISR;Mifleget HaAvoda HaYisraelit;Mifleget HaAvoda HaYisraelit;Mifleget HaAvoda HaYisraelit;;Mifleget HaAvoda HaYisraelit;;;;;;;;;x
left_wing_radical_ISR;Reshimat HaLokhmim;Reshimat HaLokhmim;Reshimat HaLokhmim;;Reshimat HaLokhmim;;;;;;;;;x
leninist_ISR;Komunistim Ivrim;Komunistim Ivrim;Komunistim Ivrim;;Komunistim Ivrim;;;;;;;;;x
stalinist_ISR;HaMiflega HaKomunistit HaYisraelit;HaMiflega HaKomunistit HaYisraelit;HaMiflega HaKomunistit HaYisraelit;;HaMiflega HaKomunistit HaYisraelit;;;;;;;;;x
national_socialist_ITA;NSIWP;NSIWP;NSIWP;;NSIWP;;;;;;;;;x
fascistic_ITA;PNF;PNF;PNF;;PNF;;;;;;;;;x
paternal_autocrat_ITA;ANI;ANI;ANI;;ANI;;;;;;;;;x
social_conservative_ITA;IPP;IPP;IPP;;IPP;;;;;;;;;x
market_liberal_ITA;PRI;PRI;PRI;;PRI;;;;;;;;;x
social_liberal_ITA;ARV;ARV;ARV;;ARV;;;;;;;;;x
social_democrat_ITA;PSU;PSU;PSU;;PSU;;;;;;;;;x
left_wing_radical_ITA;FN;FN;FN;;FN;;;;;;;;;x
leninist_ITA;PTI;PTI;PTI;;PTI;;;;;;;;;x
stalinist_ITA;PCI;PCI;PCI;;PCI;;;;;;;;;x
national_socialist_JAP;Imperial Rule Assistance Association;Imperial Rule Assistance Association;Imperial Rule Assistance Association;;Imperial Rule Assistance Association;;;;;;;;;x
fascistic_JAP;Kokumin Domei;Kokumin Domei;Kokumin Domei;;Kokumin Domei;;;;;;;;;x
paternal_autocrat_JAP;Control Clique;Control Clique;Control Clique;;Control Clique;;;;;;;;;x
social_conservative_JAP;Seiyukai Party;Seiyukai Party;Seiyukai Party;;Seiyukai Party;;;;;;;;;x
market_liberal_JAP;Minsei Party;Minsei Party;Minsei Party;;Minsei Party;;;;;;;;;x
social_liberal_JAP;Rikken Seiyukai;Rikken Seiyukai;Rikken Seiyukai;;Rikken Seiyukai;;;;;;;;;x
social_democrat_JAP;Shakai Taishuto;Shakai Taishuto;Shakai Taishuto;;Shakai Taishuto;;;;;;;;;x
left_wing_radical_JAP;Nihon Musanto;Nihon Musanto;Nihon Musanto;;Nihon Musanto;;;;;;;;;x
leninist_JAP;Nippon Shakaito;Nippon Shakaito;Nippon Shakaito;;Nippon Shakaito;;;;;;;;;x
stalinist_JAP;JCP;JCP;JCP;;JCP;;;;;;;;;x
national_socialist_JOR;Arab National Socialist Party;Arab National Socialist Party;Arab National Socialist Party;;Arab National Socialist Party;;;;;;;;;x
fascistic_JOR;Arab Fascistic Front;Arab Fascistic Front;Arab Fascistic Front;;Arab Fascistic Front;;;;;;;;;x
paternal_autocrat_JOR;The Hashemites;The Hashemites;The Hashemites;;The Hashemites;;;;;;;;;x
social_conservative_JOR;Muslim Brotherhood;Muslim Brotherhood;Muslim Brotherhood;;Muslim Brotherhood;;;;;;;;;x
market_liberal_JOR;Reform Party;Reform Party;Reform Party;;Reform Party;;;;;;;;;x
social_liberal_JOR;Arabic Democratic Unionist Party;Arabic Democratic Unionist Party;Arabic Democratic Unionist Party;;Arabic Democratic Unionist Party;;;;;;;;;x
social_democrat_JOR;Arab Socialist Union;Arab Socialist Union;Arab Socialist Union;;Arab Socialist Union;;;;;;;;;x
left_wing_radical_JOR;Worker-Communist Party;Worker-Communist Party;Worker-Communist Party;;Worker-Communist Party;;;;;;;;;x
leninist_JOR;Ba'ath Party;Ba'ath Party;Ba'ath Party;;Ba'ath Party;;;;;;;;;x
stalinist_JOR;Jordan Communist Party;Jordan Communist Party;Jordan Communist Party;;Jordan Communist Party;;;;;;;;;x
national_socialist_KOR;National Socialist Party;National Socialist Party;National Socialist Party;;National Socialist Party;;;;;;;;;x
fascistic_KOR;Fascistic Front;Fascistic Front;Fascistic Front;;Fascistic Front;;;;;;;;;x
paternal_autocrat_KOR;Democratic Republican Party;Democratic Republican Party;Democratic Republican Party;;Democratic Republican Party;;;;;;;;;x
social_conservative_KOR;Democratic Justice Party;Democratic Justice Party;Democratic Justice Party;;Democratic Justice Party;;;;;;;;;x
market_liberal_KOR;Liberal Party;Liberal Party;Liberal Party;;Liberal Party;;;;;;;;;x
social_liberal_KOR;Democratic Party;Democratic Party;Democratic Party;;Democratic Party;;;;;;;;;x
social_democrat_KOR;Democratic Labor Party;Democratic Labor Party;Democratic Labor Party;;Democratic Labor Party;;;;;;;;;x
left_wing_radical_KOR;People's Party of Korea;People's Party of Korea;People's Party of Korea;;People's Party of Korea;;;;;;;;;x
leninist_KOR;Communist Party of Korea;Communist Party of Korea;Communist Party of Korea;;Communist Party of Korea;;;;;;;;;x
stalinist_KOR;Workers' Party of Korea;Workers' Party of Korea;Workers' Party of Korea;;Workers' Party of Korea;;;;;;;;;x
national_socialist_LAT;Nacionala Savieniba;Nacionala Savieniba;Nacionala Savieniba;;Nacionala Savieniba;;;;;;;;;x
fascistic_LAT;The Legion;The Legion;The Legion;;The Legion;;;;;;;;;x
paternal_autocrat_LAT;LZs;LZs;LZs;;LZs;;;;;;;;;x
social_conservative_LAT;Tautas Partija;Tautas Partija;Tautas Partija;;Tautas Partija;;;;;;;;;x
market_liberal_LAT;LNP;LNP;LNP;;LNP;;;;;;;;;x
social_liberal_LAT;Demokratiskais Bloks;Demokratiskais Bloks;Demokratiskais Bloks;;Demokratiskais Bloks;;;;;;;;;x
social_democrat_LAT;LSD;LSD;LSD;;LSD;;;;;;;;;x
left_wing_radical_LAT;SDs;SDs;SDs;;SDs;;;;;;;;;x
leninist_LAT;LSDSP;LSDSP;LSDSP;;LSDSP;;;;;;;;;x
stalinist_LAT;LKP;LKP;LKP;;LKP;;;;;;;;;x
national_socialist_LEB;National Socialist Party;National Socialist Party;National Socialist Party;;National Socialist Party;;;;;;;;;x
fascistic_LEB;Guardians of the Cedars;Guardians of the Cedars;Guardians of the Cedars;;Guardians of the Cedars;;;;;;;;;x
paternal_autocrat_LEB;Kataeb Party;Kataeb Party;Kataeb Party;;Kataeb Party;;;;;;;;;x
social_conservative_LEB;Aramean Democratic Organisation;Aramean Democratic Organisation;Aramean Democratic Organisation;;Aramean Democratic Organisation;;;;;;;;;x
market_liberal_LEB;Lebanese Republican Party;Lebanese Republican Party;Lebanese Republican Party;;Lebanese Republican Party;;;;;;;;;x
social_liberal_LEB;Lebanese Democratic Party;Lebanese Democratic Party;Lebanese Democratic Party;;Lebanese Democratic Party;;;;;;;;;x
social_democrat_LEB;Arab Socialist Union;Arab Socialist Union;Arab Socialist Union;;Arab Socialist Union;;;;;;;;;x
left_wing_radical_LEB;Workers League;Workers League;Workers League;;Workers League;;;;;;;;;x
leninist_LEB;Ba'ath Party;Ba'ath Party;Ba'ath Party;;Ba'ath Party;;;;;;;;;x
stalinist_LEB;Lebanese Communist Party;Lebanese Communist Party;Lebanese Communist Party;;Lebanese Communist Party;;;;;;;;;x
national_socialist_LIB;Liberian National Socialist Party;Liberian National Socialist Party;Liberian National Socialist Party;;Liberian National Socialist Party;;;;;;;;;x
fascistic_LIB;Liberian Fascistic Front;Liberian Fascistic Front;Liberian Fascistic Front;;Liberian Fascistic Front;;;;;;;;;x
paternal_autocrat_LIB;Liberian Whig Party;Liberian Whig Party;Liberian Whig Party;;Liberian Whig Party;;;;;;;;;x
social_conservative_LIB;Liberian Conservative Party;Liberian Conservative Party;Liberian Conservative Party;;Liberian Conservative Party;;;;;;;;;x
market_liberal_LIB;Liberty Party;Liberty Party;Liberty Party;;Liberty Party;;;;;;;;;x
social_liberal_LIB;National Democratic Party of Liberia;National Democratic Party of Liberia;National Democratic Party of Liberia;;National Democratic Party of Liberia;;;;;;;;;x
social_democrat_LIB;Labor Party of Liberia;Labor Party of Liberia;Labor Party of Liberia;;Labor Party of Liberia;;;;;;;;;x
left_wing_radical_LIB;Progressive People's Party;Progressive People's Party;Progressive People's Party;;Progressive People's Party;;;;;;;;;x
leninist_LIB;Liberian Revolutionary Party;Liberian Revolutionary Party;Liberian Revolutionary Party;;Liberian Revolutionary Party;;;;;;;;;x
stalinist_LIB;Communist Party of Liberia;Communist Party of Liberia;Communist Party of Liberia;;Communist Party of Liberia;;;;;;;;;x
national_socialist_LIT;VLNSS;VLNSS;VLNSS;;VLNSS;;;;;;;;;x
fascistic_LIT;LTS;LTS;LTS;;LTS;;;;;;;;;x
paternal_autocrat_LIT;LTS;LTS;LTS;;LTS;;;;;;;;;x
social_conservative_LIT;LKD;LKD;LKD;;LKD;;;;;;;;;x
market_liberal_LIT;TPP;TPP;TPP;;TPP;;;;;;;;;x
social_liberal_LIT;LDP;LDP;LDP;;LDP;;;;;;;;;x
social_democrat_LIT;LSDP;LSDP;LSDP;;LSDP;;;;;;;;;x
left_wing_radical_LIT;LSLDP;LSLDP;LSLDP;;LSLDP;;;;;;;;;x
leninist_LIT;LBKP;LBKP;LBKP;;LBKP;;;;;;;;;x
stalinist_LIT;LKP;LKP;LKP;;LKP;;;;;;;;;x
national_socialist_LUX;Volksdeutsche Bewegung;Volksdeutsche Bewegung;Volksdeutsche Bewegung;;Volksdeutsche Bewegung;;;;;;;;;x
fascistic_LUX;Onofhängeg Nationalpartei;Onofhängeg Nationalpartei;Onofhängeg Nationalpartei;;Onofhängeg Nationalpartei;;;;;;;;;x
paternal_autocrat_LUX;Rietspartei;Rietspartei;Rietspartei;;Rietspartei;;;;;;;;;x
social_conservative_LUX;CSV;CSV;CSV;;CSV;;;;;;;;;x
market_liberal_LUX;Liberal Liga;Liberal Liga;Liberal Liga;;Liberal Liga;;;;;;;;;x
social_liberal_LUX;Radikal-Liberal Partei;Radikal-Liberal Partei;Radikal-Liberal Partei;;Radikal-Liberal Partei;;;;;;;;;x
social_democrat_LUX;LAP;LAP;LAP;;LAP;;;;;;;;;x
left_wing_radical_LUX;RSP;RSP;RSP;;RSP;;;;;;;;;x
leninist_LUX;KBL;KBL;KBL;;KBL;;;;;;;;;x
stalinist_LUX;KPL;KPL;KPL;;KPL;;;;;;;;;x
national_socialist_MAN;National Socialist Party;National Socialist Party;National Socialist Party;;National Socialist Party;;;;;;;;;x
fascistic_MAN;All-Russian Fascist Party;All-Russian Fascist Party;All-Russian Fascist Party;;All-Russian Fascist Party;;;;;;;;;x
paternal_autocrat_MAN;The Concordia Association;The Concordia Association;The Concordia Association;;The Concordia Association;;;;;;;;;x
social_conservative_MAN;Monarquic Party;Monarquic Party;Monarquic Party;;Monarquic Party;;;;;;;;;x
market_liberal_MAN;Liberal Union;Liberal Union;Liberal Union;;Liberal Union;;;;;;;;;x
social_liberal_MAN;Social Liberal Party;Social Liberal Party;Social Liberal Party;;Social Liberal Party;;;;;;;;;x
social_democrat_MAN;Social Democratic Party;Social Democratic Party;Social Democratic Party;;Social Democratic Party;;;;;;;;;x
left_wing_radical_MAN;Social Revolutionary Party;Social Revolutionary Party;Social Revolutionary Party;;Social Revolutionary Party;;;;;;;;;x
leninist_MAN;Socialist Workers Party;Socialist Workers Party;Socialist Workers Party;;Socialist Workers Party;;;;;;;;;x
stalinist_MAN;Communist Party of Manchukuo;Communist Party of Manchukuo;Communist Party of Manchukuo;;Communist Party of Manchukuo;;;;;;;;;x
national_socialist_MEN;National Socialist Party;National Socialist Party;National Socialist Party;;National Socialist Party;;;;;;;;;x
fascistic_MEN;Fascist Party;Fascist Party;Fascist Party;;Fascist Party;;;;;;;;;x
paternal_autocrat_MEN;Pan-Mongolian Movement;Pan-Mongolian Movement;Pan-Mongolian Movement;;Pan-Mongolian Movement;;;;;;;;;x
social_conservative_MEN;Conservative Party;Conservative Party;Conservative Party;;Conservative Party;;;;;;;;;x
market_liberal_MEN;Liberal Union;Liberal Union;Liberal Union;;Liberal Union;;;;;;;;;x
social_liberal_MEN;Social Liberal Party;Social Liberal Party;Social Liberal Party;;Social Liberal Party;;;;;;;;;x
social_democrat_MEN;Social Democratic Party;Social Democratic Party;Social Democratic Party;;Social Democratic Party;;;;;;;;;x
left_wing_radical_MEN;Social Revolutionary Party;Social Revolutionary Party;Social Revolutionary Party;;Social Revolutionary Party;;;;;;;;;x
leninist_MEN;Socialist Workers Party;Socialist Workers Party;Socialist Workers Party;;Socialist Workers Party;;;;;;;;;x
stalinist_MEN;Communist Party of Mengkukuo;Communist Party of Mengkukuo;Communist Party of Mengkukuo;;Communist Party of Mengkukuo;;;;;;;;;x
national_socialist_MEX;Movimiento Nacional Socialista;Movimiento Nacional Socialista;Movimiento Nacional Socialista;;Movimiento Nacional Socialista;;;;;;;;;x
fascistic_MEX;Unión Nacional Sinarquista;Unión Nacional Sinarquista;Unión Nacional Sinarquista;;Unión Nacional Sinarquista;;;;;;;;;x
paternal_autocrat_MEX;Partido Nacional Revolucionario;Partido Nacional Revolucionario;Partido Nacional Revolucionario;;Partido Nacional Revolucionario;;;;;;;;;x
social_conservative_MEX;Partido Fuerza Popular;Partido Fuerza Popular;Partido Fuerza Popular;;Partido Fuerza Popular;;;;;;;;;x
market_liberal_MEX;Partido Liberal de Mexico;Partido Liberal de Mexico;Partido Liberal de Mexico;;Partido Liberal de Mexico;;;;;;;;;x
social_liberal_MEX;Partido Revolucionario Institucional;Partido Revolucionario Institucional;Partido Revolucionario Institucional;;Partido Revolucionario Institucional;;;;;;;;;x
social_democrat_MEX;Partido Mexicano de los Trabajadores;Partido Mexicano de los Trabajadores;Partido Mexicano de los Trabajadores;;Partido Mexicano de los Trabajadores;;;;;;;;;x
left_wing_radical_MEX;Partido Socialista Obrero;Partido Socialista Obrero;Partido Socialista Obrero;;Partido Socialista Obrero;;;;;;;;;x
leninist_MEX;Partido de los Comunistas Mexicanos;Partido de los Comunistas Mexicanos;Partido de los Comunistas Mexicanos;;Partido de los Comunistas Mexicanos;;;;;;;;;x
stalinist_MEX;Partido Comunista Mexicano;Partido Comunista Mexicano;Partido Comunista Mexicano;;Partido Comunista Mexicano;;;;;;;;;x
national_socialist_MON;National Socialist Party;National Socialist Party;National Socialist Party;;National Socialist Party;;;;;;;;;x
fascistic_MON;Fascistic Front;Fascistic Front;Fascistic Front;;Fascistic Front;;;;;;;;;x
paternal_autocrat_MON;Pan-Mongolian Movement;Pan-Mongolian Movement;Pan-Mongolian Movement;;Pan-Mongolian Movement;;;;;;;;;x
social_conservative_MON;Conservative Party;Conservative Party;Conservative Party;;Conservative Party;;;;;;;;;x
market_liberal_MON;Liberal Union;Liberal Union;Liberal Union;;Liberal Union;;;;;;;;;x
social_liberal_MON;Social Liberal Party;Social Liberal Party;Social Liberal Party;;Social Liberal Party;;;;;;;;;x
social_democrat_MON;Social Democratic Party;Social Democratic Party;Social Democratic Party;;Social Democratic Party;;;;;;;;;x
left_wing_radical_MON;Motherland Party;Motherland Party;Motherland Party;;Motherland Party;;;;;;;;;x
leninist_MON;Socialist Works Party;Socialist Works Party;Socialist Works Party;;Socialist Works Party;;;;;;;;;x
stalinist_MON;MPRP;MPRP;MPRP;;MPRP;;;;;;;;;x
national_socialist_NEP;Nepali National Socialist Party;Nepali National Socialist Party;Nepali National Socialist Party;;Nepali National Socialist Party;;;;;;;;;x
fascistic_NEP;Nepali Fascistic Front;Nepali Fascistic Front;Nepali Fascistic Front;;Nepali Fascistic Front;;;;;;;;;x
paternal_autocrat_NEP;National Democratic Party;National Democratic Party;National Democratic Party;;National Democratic Party;;;;;;;;;x
social_conservative_NEP;Nepal Conservative Party;Nepal Conservative Party;Nepal Conservative Party;;Nepal Conservative Party;;;;;;;;;x
market_liberal_NEP;Rastriya Janashakti Party;Rastriya Janashakti Party;Rastriya Janashakti Party;;Rastriya Janashakti Party;;;;;;;;;x
social_liberal_NEP;Nepal Sadbhawana Party;Nepal Sadbhawana Party;Nepal Sadbhawana Party;;Nepal Sadbhawana Party;;;;;;;;;x
social_democrat_NEP;Nepali Congress Party;Nepali Congress Party;Nepali Congress Party;;Nepali Congress Party;;;;;;;;;x
left_wing_radical_NEP;Nepal Workers Peasants Party;Nepal Workers Peasants Party;Nepal Workers Peasants Party;;Nepal Workers Peasants Party;;;;;;;;;x
leninist_NEP;CPN-UML;CPN-UML;CPN-UML;;CPN-UML;;;;;;;;;x
stalinist_NEP;Communist Party of Nepal;Communist Party of Nepal;Communist Party of Nepal;;Communist Party of Nepal;;;;;;;;;x
national_socialist_NIC;Movimiento Nacional Socialista;Movimiento Nacional Socialista;Movimiento Nacional Socialista;;Movimiento Nacional Socialista;;;;;;;;;x
fascistic_NIC;Falange de Nicaragua;Falange de Nicaragua;Falange de Nicaragua;;Falange de Nicaragua;;;;;;;;;x
paternal_autocrat_NIC;Guardia Nacional;Guardia Nacional;Guardia Nacional;;Guardia Nacional;;;;;;;;;x
social_conservative_NIC;Partido Conservador;Partido Conservador;Partido Conservador;;Partido Conservador;;;;;;;;;x
market_liberal_NIC;Partido Democrático;Partido Democrático;Partido Democrático;;Partido Democrático;;;;;;;;;x
social_liberal_NIC;Partido Liberal Constitucionalista;Partido Liberal Constitucionalista;Partido Liberal Constitucionalista;;Partido Liberal Constitucionalista;;;;;;;;;x
social_democrat_NIC;Partido Socialista Nicaragüense;Partido Socialista Nicaragüense;Partido Socialista Nicaragüense;;Partido Socialista Nicaragüense;;;;;;;;;x
left_wing_radical_NIC;Partido Obrero Socialista;Partido Obrero Socialista;Partido Obrero Socialista;;Partido Obrero Socialista;;;;;;;;;x
leninist_NIC;Frente Sandinista de Liberación Nacional;Frente Sandinista de Liberación Nacional;Frente Sandinista de Liberación Nacional;;Frente Sandinista de Liberación Nacional;;;;;;;;;x
stalinist_NIC;Partido Comunista de Nicaragua;Partido Comunista de Nicaragua;Partido Comunista de Nicaragua;;Partido Comunista de Nicaragua;;;;;;;;;x
national_socialist_NOR;Nasjonal Samling;Nasjonal Samling;Nasjonal Samling;;Nasjonal Samling;;;;;;;;;x
fascistic_NOR;Hirden;Hirden;Hirden;;Hirden;;;;;;;;;x
paternal_autocrat_NOR;Nasjonalpartiet;Nasjonalpartiet;Nasjonalpartiet;;Nasjonalpartiet;;;;;;;;;x
social_conservative_NOR;Kristelig Folkeparti;Kristelig Folkeparti;Kristelig Folkeparti;;Kristelig Folkeparti;;;;;;;;;x
market_liberal_NOR;Høyre;Høyre;Høyre;;Høyre;;;;;;;;;x
social_liberal_NOR;Venstre;Venstre;Venstre;;Venstre;;;;;;;;;x
social_democrat_NOR;Arbeiderpartiet;Arbeiderpartiet;Arbeiderpartiet;;Arbeiderpartiet;;;;;;;;;x
left_wing_radical_NOR;NSA;NSA;NSA;;NSA;;;;;;;;;x
leninist_NOR;Mot Dag;Mot Dag;Mot Dag;;Mot Dag;;;;;;;;;x
stalinist_NOR;NKP;NKP;NKP;;NKP;;;;;;;;;x
national_socialist_NZL;National Socialist Party;National Socialist Party;National Socialist Party;;National Socialist Party;;;;;;;;;x
fascistic_NZL;United National Front;United National Front;United National Front;;United National Front;;;;;;;;;x
paternal_autocrat_NZL;People's Movement;People's Movement;People's Movement;;People's Movement;;;;;;;;;x
social_conservative_NZL;National Party;National Party;National Party;;National Party;;;;;;;;;x
market_liberal_NZL;United Party;United Party;United Party;;United Party;;;;;;;;;x
social_liberal_NZL;Reform Party;Reform Party;Reform Party;;Reform Party;;;;;;;;;x
social_democrat_NZL;Labour Party;Labour Party;Labour Party;;Labour Party;;;;;;;;;x
left_wing_radical_NZL;Socialist Party;Socialist Party;Socialist Party;;Socialist Party;;;;;;;;;x
leninist_NZL;Social Democratic Party;Social Democratic Party;Social Democratic Party;;Social Democratic Party;;;;;;;;;x
stalinist_NZL;CPNZ;CPNZ;CPNZ;;CPNZ;;;;;;;;;x
national_socialist_OMN;Arab National Socialist Party;Arab National Socialist Party;Arab National Socialist Party;;Arab National Socialist Party;;;;;;;;;x
fascistic_OMN;Arab Fascistic Front;Arab Fascistic Front;Arab Fascistic Front;;Arab Fascistic Front;;;;;;;;;x
paternal_autocrat_OMN;National Party;National Party;National Party;;National Party;;;;;;;;;x
social_conservative_OMN;Muslim Brotherhood;Muslim Brotherhood;Muslim Brotherhood;;Muslim Brotherhood;;;;;;;;;x
market_liberal_OMN;Reform Party;Reform Party;Reform Party;;Reform Party;;;;;;;;;x
social_liberal_OMN;Arabic Democratic Unionist Party ;Arabic Democratic Unionist Party ;Arabic Democratic Unionist Party ;;Arabic Democratic Unionist Party ;;;;;;;;;x
social_democrat_OMN;Arab Socialist Union;Arab Socialist Union;Arab Socialist Union;;Arab Socialist Union;;;;;;;;;x
left_wing_radical_OMN;Arab Popular Party;Arab Popular Party;Arab Popular Party;;Arab Popular Party;;;;;;;;;x
leninist_OMN;Ba'ath Party;Ba'ath Party;Ba'ath Party;;Ba'ath Party;;;;;;;;;x
stalinist_OMN;Communist Party of Oman;Communist Party of Oman;Communist Party of Oman;;Communist Party of Oman;;;;;;;;;x
national_socialist_PAK;National Socialist Party;National Socialist Party;National Socialist Party;;National Socialist Party;;;;;;;;;x
fascistic_PAK;Pakistan Fascist Front;Pakistan Fascist Front;Pakistan Fascist Front;;Pakistan Fascist Front;;;;;;;;;x
paternal_autocrat_PAK;Jamaat-e-Islami;Jamaat-e-Islami;Jamaat-e-Islami;;Jamaat-e-Islami;;;;;;;;;x
social_conservative_PAK;Muslim League;Muslim League;Muslim League;;Muslim League;;;;;;;;;x
market_liberal_PAK;Republican Party;Republican Party;Republican Party;;Republican Party;;;;;;;;;x
social_liberal_PAK;Pakistan's People's Party;Pakistan's People's Party;Pakistan's People's Party;;Pakistan's People's Party;;;;;;;;;x
social_democrat_PAK;Awami National Party;Awami National Party;Awami National Party;;Awami National Party;;;;;;;;;x
left_wing_radical_PAK;Revolutionary Party;Revolutionary Party;Revolutionary Party;;Revolutionary Party;;;;;;;;;x
leninist_PAK;Pakistan Workers Party;Pakistan Workers Party;Pakistan Workers Party;;Pakistan Workers Party;;;;;;;;;x
stalinist_PAK;Communist Party of Pakistan;Communist Party of Pakistan;Communist Party of Pakistan;;Communist Party of Pakistan;;;;;;;;;x
national_socialist_PAL;Arab National Socialist Party;Arab National Socialist Party;Arab National Socialist Party;;Arab National Socialist Party;;;;;;;;;x
fascistic_PAL;Arab Fascistic Front;Arab Fascistic Front;Arab Fascistic Front;;Arab Fascistic Front;;;;;;;;;x
paternal_autocrat_PAL;The Hashemites;The Hashemites;The Hashemites;;The Hashemites;;;;;;;;;x
social_conservative_PAL;Muslim Brotherhood;Muslim Brotherhood;Muslim Brotherhood;;Muslim Brotherhood;;;;;;;;;x
market_liberal_PAL;Reform Party;Reform Party;Reform Party;;Reform Party;;;;;;;;;x
social_liberal_PAL;Arabic Democratic Unionist Party;Arabic Democratic Unionist Party;Arabic Democratic Unionist Party;;Arabic Democratic Unionist Party;;;;;;;;;x
social_democrat_PAL;Arab Socialist Union;Arab Socialist Union;Arab Socialist Union;;Arab Socialist Union;;;;;;;;;x
left_wing_radical_PAL;Worker-Communist Party;Worker-Communist Party;Worker-Communist Party;;Worker-Communist Party;;;;;;;;;x
leninist_PAL;Ba'ath Party;Ba'ath Party;Ba'ath Party;;Ba'ath Party;;;;;;;;;x
stalinist_PAL;Palestine Communist Party;Palestine Communist Party;Palestine Communist Party;;Palestine Communist Party;;;;;;;;;x
national_socialist_PAN;Movimiento Nacional Socialista;Movimiento Nacional Socialista;Movimiento Nacional Socialista;;Movimiento Nacional Socialista;;;;;;;;;x
social_conservative_PAN;Partido Conservador;Partido Conservador;Partido Conservador;;Partido Conservador;;;;;;;;;x
market_liberal_PAN;MOLIRENA;MOLIRENA;MOLIRENA;;MOLIRENA;;;;;;;;;x
social_liberal_PAN;Partido Revolucionario;Partido Revolucionario;Partido Revolucionario;;Partido Revolucionario;;;;;;;;;x
social_democrat_PAN;Partido Revolucionario Democrático;Partido Revolucionario Democrático;Partido Revolucionario Democrático;;Partido Revolucionario Democrático;;;;;;;;;x
leninist_PAN;Frente Obrero Socialista;Frente Obrero Socialista;Frente Obrero Socialista;;Frente Obrero Socialista;;;;;;;;;x
national_socialist_PAR;Movimiento Nacional Socialista;Movimiento Nacional Socialista;Movimiento Nacional Socialista;;Movimiento Nacional Socialista;;;;;;;;;x
fascistic_PAR;Falange del Paraguayo;Falange del Paraguayo;Falange del Paraguayo;;Falange del Paraguayo;;;;;;;;;x
paternal_autocrat_PAR;Partido Colorado;Partido Colorado;Partido Colorado;;Partido Colorado;;;;;;;;;x
social_conservative_PAR;Partido Conservador;Partido Conservador;Partido Conservador;;Partido Conservador;;;;;;;;;x
market_liberal_PAR;Partido Liberal;Partido Liberal;Partido Liberal;;Partido Liberal;;;;;;;;;x
social_liberal_PAR;Partido Liberal Radical Auténtico;Partido Liberal Radical Auténtico;Partido Liberal Radical Auténtico;;Partido Liberal Radical Auténtico;;;;;;;;;x
social_democrat_PAR;Partido Socialista;Partido Socialista;Partido Socialista;;Partido Socialista;;;;;;;;;x
left_wing_radical_PAR;Partido Socialista Revolucionario;Partido Socialista Revolucionario;Partido Socialista Revolucionario;;Partido Socialista Revolucionario;;;;;;;;;x
leninist_PAR;Partido Patria Libre;Partido Patria Libre;Partido Patria Libre;;Partido Patria Libre;;;;;;;;;x
stalinist_PAR;Partido Comunista Paraguayo;Partido Comunista Paraguayo;Partido Comunista Paraguayo;;Partido Comunista Paraguayo;;;;;;;;;x
national_socialist_PER;Goruh-e Intiqam;Goruh-e Intiqam;Goruh-e Intiqam;;Goruh-e Intiqam;;;;;;;;;x
fascistic_PER;Hezb-e Pan-Iranist;Hezb-e Pan-Iranist;Hezb-e Pan-Iranist;;Hezb-e Pan-Iranist;;;;;;;;;x
paternal_autocrat_PER;Hezb-e Rastakhiz;Hezb-e Rastakhiz;Hezb-e Rastakhiz;;Hezb-e Rastakhiz;;;;;;;;;x
social_conservative_PER;Hezb-e Iran;Hezb-e Iran;Hezb-e Iran;;Hezb-e Iran;;;;;;;;;x
market_liberal_PER;Jebhe Milli Iran;Jebhe Milli Iran;Jebhe Milli Iran;;Jebhe Milli Iran;;;;;;;;;x
social_liberal_PER;Hezb-e Musherevete-ye Iran;Hezb-e Musherevete-ye Iran;Hezb-e Musherevete-ye Iran;;Hezb-e Musherevete-ye Iran;;;;;;;;;x
social_democrat_PER;Hezb-e Zahmetkashha Iran;Hezb-e Zahmetkashha Iran;Hezb-e Zahmetkashha Iran;;Hezb-e Zahmetkashha Iran;;;;;;;;;x
left_wing_radical_PER;Hezb-e Tudeh;Hezb-e Tudeh;Hezb-e Tudeh;;Hezb-e Tudeh;;;;;;;;;x
leninist_PER;Hezb-e Kar-e Iran;Hezb-e Kar-e Iran;Hezb-e Kar-e Iran;;Hezb-e Kar-e Iran;;;;;;;;;x
stalinist_PER;Hezb-e Komunist Iran;Hezb-e Komunist Iran;Hezb-e Komunist Iran;;Hezb-e Komunist Iran;;;;;;;;;x
national_socialist_PHI;Ganap Party;Ganap Party;Ganap Party;;Ganap Party;;;;;;;;;x
fascistic_PHI;Sakdalista;Sakdalista;Sakdalista;;Sakdalista;;;;;;;;;x
paternal_autocrat_PHI;KALIBAPI;KALIBAPI;KALIBAPI;;KALIBAPI;;;;;;;;;x
social_conservative_PHI;Kilusang Bagong Lipunan;Kilusang Bagong Lipunan;Kilusang Bagong Lipunan;;Kilusang Bagong Lipunan;;;;;;;;;x
market_liberal_PHI;Partido Liberal ng Pilipinas;Partido Liberal ng Pilipinas;Partido Liberal ng Pilipinas;;Partido Liberal ng Pilipinas;;;;;;;;;x
social_liberal_PHI;Partido Nacionalista;Partido Nacionalista;Partido Nacionalista;;Partido Nacionalista;;;;;;;;;x
social_democrat_PHI;BAYAN;BAYAN;BAYAN;;BAYAN;;;;;;;;;x
left_wing_radical_PHI;Kilusang Mayo Uno;Kilusang Mayo Uno;Kilusang Mayo Uno;;Kilusang Mayo Uno;;;;;;;;;x
leninist_PHI;PKP-1930;PKP-1930;PKP-1930;;PKP-1930;;;;;;;;;x
stalinist_PHI;Partido Komunista ng Pilipinas;Partido Komunista ng Pilipinas;Partido Komunista ng Pilipinas;;Partido Komunista ng Pilipinas;;;;;;;;;x
national_socialist_POL;Deutsche Vereinigung;Deutsche Vereinigung;Deutsche Vereinigung;;Deutsche Vereinigung;;;;;;;;;x
fascistic_POL;ONR;ONR;ONR;;ONR;;;;;;;;;x
paternal_autocrat_POL;OZN;OZN;OZN;;OZN;;;;;;;;;x
social_conservative_POL;PSL;PSL;PSL;;PSL;;;;;;;;;x
market_liberal_POL;ZLN;ZLN;ZLN;;ZLN;;;;;;;;;x
social_liberal_POL;PSChD;PSChD;PSChD;;PSChD;;;;;;;;;x
social_democrat_POL;PPS;PPS;PPS;;PPS;;;;;;;;;x
left_wing_radical_POL;PPS-L;PPS-L;PPS-L;;PPS-L;;;;;;;;;x
leninist_POL;NPR;NPR;NPR;;NPR;;;;;;;;;x
stalinist_POL;KPRP;KPRP;KPRP;;KPRP;;;;;;;;;x
national_socialist_POR;PNSP;PNSP;PNSP;;PNSP;;;;;;;;;x
fascistic_POR;MNS;MNS;MNS;;MNS;;;;;;;;;x
paternal_autocrat_POR;União Nacional;União Nacional;União Nacional;;União Nacional;;;;;;;;;x
social_conservative_POR;PNR;PNR;PNR;;PNR;;;;;;;;;x
market_liberal_POR;PD;PD;PD;;PD;;;;;;;;;x
social_liberal_POR;PSD;PSD;PSD;;PSD;;;;;;;;;x
social_democrat_POR;PS;PS;PS;;PS;;;;;;;;;x
left_wing_radical_POR;PRP;PRP;PRP;;PRP;;;;;;;;;x
leninist_POR;FMP;FMP;FMP;;FMP;;;;;;;;;x
stalinist_POR;PCP;PCP;PCP;;PCP;;;;;;;;;x
national_socialist_PRK;National Socialist Party;National Socialist Party;National Socialist Party;;National Socialist Party;;;;;;;;;x
fascistic_PRK;Fascistic Front;Fascistic Front;Fascistic Front;;Fascistic Front;;;;;;;;;x
paternal_autocrat_PRK;Democratic Republican Party;Democratic Republican Party;Democratic Republican Party;;Democratic Republican Party;;;;;;;;;x
social_conservative_PRK;Democratic Justice Party;Democratic Justice Party;Democratic Justice Party;;Democratic Justice Party;;;;;;;;;x
market_liberal_PRK;Liberal Party;Liberal Party;Liberal Party;;Liberal Party;;;;;;;;;x
social_liberal_PRK;Democratic Party;Democratic Party;Democratic Party;;Democratic Party;;;;;;;;;x
social_democrat_PRK;Democratic Labor Party;Democratic Labor Party;Democratic Labor Party;;Democratic Labor Party;;;;;;;;;x
left_wing_radical_PRK;People's Party of Korea;People's Party of Korea;People's Party of Korea;;People's Party of Korea;;;;;;;;;x
leninist_PRK;Communist Party of Korea;Communist Party of Korea;Communist Party of Korea;;Communist Party of Korea;;;;;;;;;x
stalinist_PRK;Workers' Party of Korea;Workers' Party of Korea;Workers' Party of Korea;;Workers' Party of Korea;;;;;;;;;x
national_socialist_PRU;Movimiento Nacional Socialista;Movimiento Nacional Socialista;Movimiento Nacional Socialista;;Movimiento Nacional Socialista;;;;;;;;;x
paternal_autocrat_PRU;Partido Civil;Partido Civil;Partido Civil;;Partido Civil;;;;;;;;;x
social_conservative_PRU;Acción Popular;Acción Popular;Acción Popular;;Acción Popular;;;;;;;;;x
social_liberal_PRU;Alianza Popular Revolucionaria Americana;Alianza Popular Revolucionaria Americana;Alianza Popular Revolucionaria Americana;;Alianza Popular Revolucionaria Americana;;;;;;;;;x
left_wing_radical_PRU;Partido Revolucionario de los Trabajadores;Partido Revolucionario de los Trabajadores;Partido Revolucionario de los Trabajadores;;Partido Revolucionario de los Trabajadores;;;;;;;;;x
leninist_PRU;Gruppo Marxista de los Trabajadores;Gruppo Marxista de los Trabajadores;Gruppo Marxista de los Trabajadores;;Gruppo Marxista de los Trabajadores;;;;;;;;;x
stalinist_PRU;Partido Comunista Peruano;Partido Comunista Peruano;Partido Comunista Peruano;;Partido Comunista Peruano;;;;;;;;;x
national_socialist_ROM;PGR;PGR;PGR;;PGR;;;;;;;;;x
fascistic_ROM;Garda de Fier;Garda de Fier;Garda de Fier;;Garda de Fier;;;;;;;;;x
paternal_autocrat_ROM;FRN;FRN;FRN;;FRN;;;;;;;;;x
social_conservative_ROM;PNC;PNC;PNC;;PNC;;;;;;;;;x
market_liberal_ROM;PNL;PNL;PNL;;PNL;;;;;;;;;x
social_liberal_ROM;PNT;PNT;PNT;;PNT;;;;;;;;;x
social_democrat_ROM;PSDR;PSDR;PSDR;;PSDR;;;;;;;;;x
left_wing_radical_ROM;PSDI;PSDI;PSDI;;PSDI;;;;;;;;;x
leninist_ROM;PSR;PSR;PSR;;PSR;;;;;;;;;x
stalinist_ROM;PCR;PCR;PCR;;PCR;;;;;;;;;x
national_socialist_RSI;NSIWP;NSIWP;NSIWP;;NSIWP;;;;;;;;;x
fascistic_RSI;PFR;PFR;PFR;;PFR;;;;;;;;;x
paternal_autocrat_RSI;ANI;ANI;ANI;;ANI;;;;;;;;;x
social_conservative_RSI;IPP;IPP;IPP;;IPP;;;;;;;;;x
market_liberal_RSI;PRI;PRI;PRI;;PRI;;;;;;;;;x
social_liberal_RSI;ARV;ARV;ARV;;ARV;;;;;;;;;x
social_democrat_RSI;PSU;PSU;PSU;;PSU;;;;;;;;;x
left_wing_radical_RSI;FN;FN;FN;;FN;;;;;;;;;x
leninist_RSI;PTI;PTI;PTI;;PTI;;;;;;;;;x
stalinist_RSI;PCI;PCI;PCI;;PCI;;;;;;;;;x
national_socialist_SAL;Moviemento de Nacional Socialista;Moviemento de Nacional Socialista;Moviemento de Nacional Socialista;;Moviemento de Nacional Socialista;;;;;;;;;x
fascistic_SAL;Falange de El Salvador;Falange de El Salvador;Falange de El Salvador;;Falange de El Salvador;;;;;;;;;x
paternal_autocrat_SAL;Partido Nacional;Partido Nacional;Partido Nacional;;Partido Nacional;;;;;;;;;x
social_conservative_SAL;ARENA;ARENA;ARENA;;ARENA;;;;;;;;;x
market_liberal_SAL;Partido Nacional Liberal;Partido Nacional Liberal;Partido Nacional Liberal;;Partido Nacional Liberal;;;;;;;;;x
social_liberal_SAL;Centro Democrático Unido;Centro Democrático Unido;Centro Democrático Unido;;Centro Democrático Unido;;;;;;;;;x
social_democrat_SAL;Partido Social Demócrata;Partido Social Demócrata;Partido Social Demócrata;;Partido Social Demócrata;;;;;;;;;x
left_wing_radical_SAL;FMLN;FMLN;FMLN;;FMLN;;;;;;;;;x
leninist_SAL;Ejército Revolucionario del Pueblo;Ejército Revolucionario del Pueblo;Ejército Revolucionario del Pueblo;;Ejército Revolucionario del Pueblo;;;;;;;;;x
stalinist_SAL;Partido Comunista de El Salvador;Partido Comunista de El Salvador;Partido Comunista de El Salvador;;Partido Comunista de El Salvador;;;;;;;;;x
national_socialist_SAU;Arab National Socialist Party;Arab National Socialist Party;Arab National Socialist Party;;Arab National Socialist Party;;;;;;;;;x
fascistic_SAU;Arab Fascistic Front;Arab Fascistic Front;Arab Fascistic Front;;Arab Fascistic Front;;;;;;;;;x
paternal_autocrat_SAU;The Sauds;The Sauds;The Sauds;;The Sauds;;;;;;;;;x
social_conservative_SAU;Muslim Brotherhood;Muslim Brotherhood;Muslim Brotherhood;;Muslim Brotherhood;;;;;;;;;x
market_liberal_SAU;Reform Party;Reform Party;Reform Party;;Reform Party;;;;;;;;;x
social_liberal_SAU;Arabic Democratic Unionist Party ;Arabic Democratic Unionist Party ;Arabic Democratic Unionist Party ;;Arabic Democratic Unionist Party ;;;;;;;;;x
social_democrat_SAU;Arab Socialist Union;Arab Socialist Union;Arab Socialist Union;;Arab Socialist Union;;;;;;;;;x
left_wing_radical_SAU;Arab Popular Party;Arab Popular Party;Arab Popular Party;;Arab Popular Party;;;;;;;;;x
leninist_SAU;Ba'ath Party;Ba'ath Party;Ba'ath Party;;Ba'ath Party;;;;;;;;;x
stalinist_SAU;Communist Party of Saudi Arabia;Communist Party of Saudi Arabia;Communist Party of Saudi Arabia;;Communist Party of Saudi Arabia;;;;;;;;;x
national_socialist_SCH;Eidgenössische Sammlung;Eidgenössische Sammlung;Eidgenössische Sammlung;;Eidgenössische Sammlung;;;;;;;;;x
fascistic_SCH;NF;NF;NF;;NF;;;;;;;;;x
paternal_autocrat_SCH;KKP;KKP;KKP;;KKP;;;;;;;;;x
social_conservative_SCH;BGB;BGB;BGB;;BGB;;;;;;;;;x
market_liberal_SCH;LPS;LPS;LPS;;LPS;;;;;;;;;x
social_liberal_SCH;FDP;FDP;FDP;;FDP;;;;;;;;;x
social_democrat_SCH;SP;SP;SP;;SP;;;;;;;;;x
left_wing_radical_SCH;FSS;FSS;FSS;;FSS;;;;;;;;;x
leninist_SCH;KPS-O;KPS-O;KPS-O;;KPS-O;;;;;;;;;x
stalinist_SCH;KPS;KPS;KPS;;KPS;;;;;;;;;x
national_socialist_SIA;National Socialist Party;National Socialist Party;National Socialist Party;;National Socialist Party;;;;;;;;;x
fascistic_SIA;Fascistic Front;Fascistic Front;Fascistic Front;;Fascistic Front;;;;;;;;;x
paternal_autocrat_SIA;Khana Ratsadon;Khana Ratsadon;Khana Ratsadon;;Khana Ratsadon;;;;;;;;;x
social_conservative_SIA;Democrat Party;Democrat Party;Democrat Party;;Democrat Party;;;;;;;;;x
market_liberal_SIA;Liberal Party;Liberal Party;Liberal Party;;Liberal Party;;;;;;;;;x
social_liberal_SIA;Khabuankarn Seri Thai;Khabuankarn Seri Thai;Khabuankarn Seri Thai;;Khabuankarn Seri Thai;;;;;;;;;x
social_democrat_SIA;Social Democrat Party;Social Democrat Party;Social Democrat Party;;Social Democrat Party;;;;;;;;;x
left_wing_radical_SIA;Revolutionary Party;Revolutionary Party;Revolutionary Party;;Revolutionary Party;;;;;;;;;x
leninist_SIA;Workers and Peasants Party;Workers and Peasants Party;Workers and Peasants Party;;Workers and Peasants Party;;;;;;;;;x
stalinist_SIA;Communist Party of Siam;Communist Party of Siam;Communist Party of Siam;;Communist Party of Siam;;;;;;;;;x
national_socialist_SIK;National Socialist Party;National Socialist Party;National Socialist Party;;National Socialist Party;;;;;;;;;x
fascistic_SIK;Fascistic Front;Fascistic Front;Fascistic Front;;Fascistic Front;;;;;;;;;x
paternal_autocrat_SIK;National Party;National Party;National Party;;National Party;;;;;;;;;x
social_conservative_SIK;Conservative Party;Conservative Party;Conservative Party;;Conservative Party;;;;;;;;;x
market_liberal_SIK;Liberal Party;Liberal Party;Liberal Party;;Liberal Party;;;;;;;;;x
social_liberal_SIK;Social Liberal Party;Social Liberal Party;Social Liberal Party;;Social Liberal Party;;;;;;;;;x
social_democrat_SIK;Social Democrat Party;Social Democrat Party;Social Democrat Party;;Social Democrat Party;;;;;;;;;x
left_wing_radical_SIK;Revolutionary Party;Revolutionary Party;Revolutionary Party;;Revolutionary Party;;;;;;;;;x
leninist_SIK;Workers and Peasants Party;Workers and Peasants Party;Workers and Peasants Party;;Workers and Peasants Party;;;;;;;;;x
stalinist_SIK;Communist Party of Sinkiang;Communist Party of Sinkiang;Communist Party of Sinkiang;;Communist Party of Sinkiang;;;;;;;;;x
national_socialist_SLO;Hlinkova garda;Hlinkova garda;Hlinkova garda;;Hlinkova garda;;;;;;;;;x
social_conservative_SLO;Strana slobody;Strana slobody;Strana slobody;;Strana slobody;;;;;;;;;x
market_liberal_SLO;Liberalna stranka;Liberalna stranka;Liberalna stranka;;Liberalna stranka;;;;;;;;;x
social_liberal_SLO;Demokratska stranka;Demokratska stranka;Demokratska stranka;;Demokratska stranka;;;;;;;;;x
left_wing_radical_SLO;Strana práce;Strana práce;Strana práce;;Strana práce;;;;;;;;;x
leninist_SLO;Strana slovenskej obrody;Strana slovenskej obrody;Strana slovenskej obrody;;Strana slovenskej obrody;;;;;;;;;x
national_socialist_SOV;POA;POA;POA;;POA;;;;;;;;;x
fascistic_SOV;NTS;NTS;NTS;;NTS;;;;;;;;;x
paternal_autocrat_SOV;ROA;ROA;ROA;;ROA;;;;;;;;;x
social_conservative_SOV;Octobrist;Octobrist;Octobrist;;Octobrist;;;;;;;;;x
market_liberal_SOV;Kadets;Kadets;Kadets;;Kadets;;;;;;;;;x
social_liberal_SOV;Trudoviks;Trudoviks;Trudoviks;;Trudoviks;;;;;;;;;x
social_democrat_SOV;Socialist-Revolutionary Party ;Socialist-Revolutionary Party ;Socialist-Revolutionary Party ;;Socialist-Revolutionary Party ;;;;;;;;;x
left_wing_radical_SOV;Bukharinite Counter-Revolutionaries;Bukharinite Counter-Revolutionaries;Bukharinite Counter-Revolutionaries;;Bukharinite Counter-Revolutionaries;;;;;;;;;x
leninist_SOV;Trotskyite Counter-Revolutionaries;Trotskyite Counter-Revolutionaries;Trotskyite Counter-Revolutionaries;;Trotskyite Counter-Revolutionaries;;;;;;;;;x
stalinist_SOV;Communist Party;Communist Party;Communist Party;;Communist Party;;;;;;;;;x
national_socialist_SPA;Falange Tradicionalista;Falange Tradicionalista;Falange Tradicionalista;;Falange Tradicionalista;;;;;;;;;x
fascistic_SPA;Falange;Falange;Falange;;Falange;;;;;;;;;x
paternal_autocrat_SPA;Communion Tradicionalista;Communion Tradicionalista;Communion Tradicionalista;;Communion Tradicionalista;;;;;;;;;x
social_conservative_SPA;Confederacion de Derechas Autonomas;Confederacion de Derechas Autonomas;Confederacion de Derechas Autonomas;;Confederacion de Derechas Autonomas;;;;;;;;;x
market_liberal_SPA;Union Republicana;Union Republicana;Union Republicana;;Union Republicana;;;;;;;;;x
social_liberal_SPA;Izquierda Republicana ;Izquierda Republicana ;Izquierda Republicana ;;Izquierda Republicana ;;;;;;;;;x
social_democrat_SPA;Partido Socialista Obrero Español;Partido Socialista Obrero Español;Partido Socialista Obrero Español;;Partido Socialista Obrero Español;;;;;;;;;x
left_wing_radical_SPA;Confederacion Nacional de Trabajo;Confederacion Nacional de Trabajo;Confederacion Nacional de Trabajo;;Confederacion Nacional de Trabajo;;;;;;;;;x
leninist_SPA;Parti do Obrero de Unification Marxista ;Parti do Obrero de Unification Marxista ;Parti do Obrero de Unification Marxista ;;Parti do Obrero de Unification Marxista ;;;;;;;;;x
stalinist_SPA;Partido Comunista de España;Partido Comunista de España;Partido Comunista de España;;Partido Comunista de España;;;;;;;;;x
national_socialist_SPR;Falange Tradicionalista;Falange Tradicionalista;Falange Tradicionalista;;Falange Tradicionalista;;;;;;;;;x
fascistic_SPR;Falange;Falange;Falange;;Falange;;;;;;;;;x
paternal_autocrat_SPR;Communion Tradicionalista;Communion Tradicionalista;Communion Tradicionalista;;Communion Tradicionalista;;;;;;;;;x
social_conservative_SPR;Confederacion de Derechas Autonomas;Confederacion de Derechas Autonomas;Confederacion de Derechas Autonomas;;Confederacion de Derechas Autonomas;;;;;;;;;x
market_liberal_SPR;Union Republicana;Union Republicana;Union Republicana;;Union Republicana;;;;;;;;;x
social_liberal_SPR;Izquierda Republicana ;Izquierda Republicana ;Izquierda Republicana ;;Izquierda Republicana ;;;;;;;;;x
social_democrat_SPR;Partido Socialista Obrero Español;Partido Socialista Obrero Español;Partido Socialista Obrero Español;;Partido Socialista Obrero Español;;;;;;;;;x
left_wing_radical_SPR;Confederacion Nacional de Trabajo;Confederacion Nacional de Trabajo;Confederacion Nacional de Trabajo;;Confederacion Nacional de Trabajo;;;;;;;;;x
leninist_SPR;Parti do Obrero de Unification Marxista ;Parti do Obrero de Unification Marxista ;Parti do Obrero de Unification Marxista ;;Parti do Obrero de Unification Marxista ;;;;;;;;;x
stalinist_SPR;Partido Comunista de España;Partido Comunista de España;Partido Comunista de España;;Partido Comunista de España;;;;;;;;;x
national_socialist_SYR;Arab National Socialist Party;Arab National Socialist Party;Arab National Socialist Party;;Arab National Socialist Party;;;;;;;;;x
fascistic_SYR;Arab Fascistic Front;Arab Fascistic Front;Arab Fascistic Front;;Arab Fascistic Front;;;;;;;;;x
paternal_autocrat_SYR;The Hashemites;The Hashemites;The Hashemites;;The Hashemites;;;;;;;;;x
social_conservative_SYR;Muslim Brotherhood;Muslim Brotherhood;Muslim Brotherhood;;Muslim Brotherhood;;;;;;;;;x
market_liberal_SYR;Reform Party;Reform Party;Reform Party;;Reform Party;;;;;;;;;x
social_liberal_SYR;Arabic Democratic Unionist Party ;Arabic Democratic Unionist Party ;Arabic Democratic Unionist Party ;;Arabic Democratic Unionist Party ;;;;;;;;;x
social_democrat_SYR;Arab Socialist Union;Arab Socialist Union;Arab Socialist Union;;Arab Socialist Union;;;;;;;;;x
left_wing_radical_SYR;Arab Workers Party;Arab Workers Party;Arab Workers Party;;Arab Workers Party;;;;;;;;;x
leninist_SYR;Ba'ath Party;Ba'ath Party;Ba'ath Party;;Ba'ath Party;;;;;;;;;x
stalinist_SYR;Communist Party of Syria;Communist Party of Syria;Communist Party of Syria;;Communist Party of Syria;;;;;;;;;x
national_socialist_SWE;Nationalsocialistiska Arbetarepartiet;Nationalsocialistiska Arbetarepartiet;Nationalsocialistiska Arbetarepartiet;;Nationalsocialistiska Arbetarepartiet;;;;;;;;;x
fascistic_SWE;SFKO;SFKO;SFKO;;SFKO;;;;;;;;;x
paternal_autocrat_SWE;Sveriges Nationella Förbund;Sveriges Nationella Förbund;Sveriges Nationella Förbund;;Sveriges Nationella Förbund;;;;;;;;;x
social_conservative_SWE;Högerpartiet;Högerpartiet;Högerpartiet;;Högerpartiet;;;;;;;;;x
market_liberal_SWE;Liberalerna;Liberalerna;Liberalerna;;Liberalerna;;;;;;;;;x
social_liberal_SWE;Bondeförbundet;Bondeförbundet;Bondeförbundet;;Bondeförbundet;;;;;;;;;x
social_democrat_SWE;Social Demokraterna;Social Demokraterna;Social Demokraterna;;Social Demokraterna;;;;;;;;;x
left_wing_radical_SWE;Socialistiska Partiet;Socialistiska Partiet;Socialistiska Partiet;;Socialistiska Partiet;;;;;;;;;x
leninist_SWE;Vänstersocialistiska Partiet;Vänstersocialistiska Partiet;Vänstersocialistiska Partiet;;Vänstersocialistiska Partiet;;;;;;;;;x
stalinist_SWE;Sveriges Kommunistiska Parti;Sveriges Kommunistiska Parti;Sveriges Kommunistiska Parti;;Sveriges Kommunistiska Parti;;;;;;;;;x
national_socialist_TAN;National Socialist Party;National Socialist Party;National Socialist Party;;National Socialist Party;;;;;;;;;x
fascistic_TAN;Fascistic Front;Fascistic Front;Fascistic Front;;Fascistic Front;;;;;;;;;x
paternal_autocrat_TAN;Tuvan National Party;Tuvan National Party;Tuvan National Party;;Tuvan National Party;;;;;;;;;x
social_conservative_TAN;Conservative Party;Conservative Party;Conservative Party;;Conservative Party;;;;;;;;;x
market_liberal_TAN;Liberal Union;Liberal Union;Liberal Union;;Liberal Union;;;;;;;;;x
social_liberal_TAN;Social Liberal Party;Social Liberal Party;Social Liberal Party;;Social Liberal Party;;;;;;;;;x
social_democrat_TAN;Social Democratic Party;Social Democratic Party;Social Democratic Party;;Social Democratic Party;;;;;;;;;x
left_wing_radical_TAN;Social Revolutionary Party;Social Revolutionary Party;Social Revolutionary Party;;Social Revolutionary Party;;;;;;;;;x
leninist_TAN;Socialist Workers Party;Socialist Workers Party;Socialist Workers Party;;Socialist Workers Party;;;;;;;;;x
stalinist_TAN;Tuvan People's Revolutionary Party;Tuvan People's Revolutionary Party;Tuvan People's Revolutionary Party;;Tuvan People's Revolutionary Party;;;;;;;;;x
national_socialist_TIB;National Socialist Party;National Socialist Party;National Socialist Party;;National Socialist Party;;;;;;;;;x
fascistic_TIB;Fascistic Front;Fascistic Front;Fascistic Front;;Fascistic Front;;;;;;;;;x
paternal_autocrat_TIB;Gelug-pa;Gelug-pa;Gelug-pa;;Gelug-pa;;;;;;;;;x
social_conservative_TIB;Nyingma;Nyingma;Nyingma;;Nyingma;;;;;;;;;x
market_liberal_TIB;Liberal Party;Liberal Party;Liberal Party;;Liberal Party;;;;;;;;;x
social_liberal_TIB;Social Liberal Party;Social Liberal Party;Social Liberal Party;;Social Liberal Party;;;;;;;;;x
social_democrat_TIB;Social Democrat Party;Social Democrat Party;Social Democrat Party;;Social Democrat Party;;;;;;;;;x
left_wing_radical_TIB;Revolutionary Party;Revolutionary Party;Revolutionary Party;;Revolutionary Party;;;;;;;;;x
leninist_TIB;Workers and Peasants Party;Workers and Peasants Party;Workers and Peasants Party;;Workers and Peasants Party;;;;;;;;;x
stalinist_TIB;Communist Party of Tibet;Communist Party of Tibet;Communist Party of Tibet;;Communist Party of Tibet;;;;;;;;;x
fascistic_TUR;Bozkurtlar;Bozkurtlar;Bozkurtlar;;Bozkurtlar;;;;;;;;;x
stalinist_TUR;PCP;PCP;PCP;;PCP;;;;;;;;;x
national_socialist_URU;Movimiento Nacional Socialista;Movimiento Nacional Socialista;Movimiento Nacional Socialista;;Movimiento Nacional Socialista;;;;;;;;;x
fascistic_URU;Falange del Uruguay;Falange del Uruguay;Falange del Uruguay;;Falange del Uruguay;;;;;;;;;x
paternal_autocrat_URU;Partido Colorado;Partido Colorado;Partido Colorado;;Partido Colorado;;;;;;;;;x
social_conservative_URU;Partido Conservador;Partido Conservador;Partido Conservador;;Partido Conservador;;;;;;;;;x
market_liberal_URU;Partido Liberal;Partido Liberal;Partido Liberal;;Partido Liberal;;;;;;;;;x
social_liberal_URU;Partido Blanco;Partido Blanco;Partido Blanco;;Partido Blanco;;;;;;;;;x
social_democrat_URU;Partido Socialista del Uruguay;Partido Socialista del Uruguay;Partido Socialista del Uruguay;;Partido Socialista del Uruguay;;;;;;;;;x
left_wing_radical_URU;Movimiento de Participación Popular;Movimiento de Participación Popular;Movimiento de Participación Popular;;Movimiento de Participación Popular;;;;;;;;;x
leninist_URU;Partido Obrero;Partido Obrero;Partido Obrero;;Partido Obrero;;;;;;;;;x
stalinist_URU;Partido Comunista del Uruguay;Partido Comunista del Uruguay;Partido Comunista del Uruguay;;Partido Comunista del Uruguay;;;;;;;;;x
national_socialist_VEN;Movimiento Nacional Socialista;Movimiento Nacional Socialista;Movimiento Nacional Socialista;;Movimiento Nacional Socialista;;;;;;;;;x
fascistic_VEN;Falange de Venezuela;Falange de Venezuela;Falange de Venezuela;;Falange de Venezuela;;;;;;;;;x
paternal_autocrat_VEN;COPEI;COPEI;COPEI;;COPEI;;;;;;;;;x
social_conservative_VEN;Partido Conservador;Partido Conservador;Partido Conservador;;Partido Conservador;;;;;;;;;x
market_liberal_VEN;Gran Partido Liberal de Venezuela;Gran Partido Liberal de Venezuela;Gran Partido Liberal de Venezuela;;Gran Partido Liberal de Venezuela;;;;;;;;;x
social_liberal_VEN;Partido Democrático Venezolano;Partido Democrático Venezolano;Partido Democrático Venezolano;;Partido Democrático Venezolano;;;;;;;;;x
social_democrat_VEN;Acción Democrática;Acción Democrática;Acción Democrática;;Acción Democrática;;;;;;;;;x
left_wing_radical_VEN;Partido Republicano Progresista;Partido Republicano Progresista;Partido Republicano Progresista;;Partido Republicano Progresista;;;;;;;;;x
leninist_VEN;Unión Popular Venezolana;Unión Popular Venezolana;Unión Popular Venezolana;;Unión Popular Venezolana;;;;;;;;;x
stalinist_VEN;Partido Comunista de Venezuela;Partido Comunista de Venezuela;Partido Comunista de Venezuela;;Partido Comunista de Venezuela;;;;;;;;;x
national_socialist_VIC;PPF;PPF;PPF;;PPF;;;;;;;;;x
fascistic_VIC;Mouvement Franciste;Mouvement Franciste;Mouvement Franciste;;Mouvement Franciste;;;;;;;;;x
paternal_autocrat_VIC;Action Française;Action Française;Action Française;;Action Française;;;;;;;;;x
social_conservative_VIC;FR;FR;FR;;FR;;;;;;;;;x
market_liberal_VIC;MRP;MRP;MRP;;MRP;;;;;;;;;x
social_liberal_VIC;ARV;ARV;ARV;;ARV;;;;;;;;;x
social_democrat_VIC;SIFO;SIFO;SIFO;;SIFO;;;;;;;;;x
left_wing_radical_VIC;RAD;RAD;RAD;;RAD;;;;;;;;;x
leninist_VIC;GBL;GBL;GBL;;GBL;;;;;;;;;x
stalinist_VIC;PCF;PCF;PCF;;PCF;;;;;;;;;x
national_socialist_YEM;Arab National Socialist Party;Arab National Socialist Party;Arab National Socialist Party;;Arab National Socialist Party;;;;;;;;;x
fascistic_YEM;Arab Fascistic Front;Arab Fascistic Front;Arab Fascistic Front;;Arab Fascistic Front;;;;;;;;;x
paternal_autocrat_YEM;National Party;National Party;National Party;;National Party;;;;;;;;;x
social_conservative_YEM;Muslim Brotherhood;Muslim Brotherhood;Muslim Brotherhood;;Muslim Brotherhood;;;;;;;;;x
market_liberal_YEM;Reform Party;Reform Party;Reform Party;;Reform Party;;;;;;;;;x
social_liberal_YEM;Arabic Democratic Unionist Party ;Arabic Democratic Unionist Party ;Arabic Democratic Unionist Party ;;Arabic Democratic Unionist Party ;;;;;;;;;x
social_democrat_YEM;Arab Socialist Union;Arab Socialist Union;Arab Socialist Union;;Arab Socialist Union;;;;;;;;;x
left_wing_radical_YEM;Arab Socialist Movement;Arab Socialist Movement;Arab Socialist Movement;;Arab Socialist Movement;;;;;;;;;x
leninist_YEM;Ba'ath Party;Ba'ath Party;Ba'ath Party;;Ba'ath Party;;;;;;;;;x
stalinist_YEM;Communist Party of Yemen;Communist Party of Yemen;Communist Party of Yemen;;Communist Party of Yemen;;;;;;;;;x
national_socialist_YUG;Partei der Deutschen;Partei der Deutschen;Partei der Deutschen;;Partei der Deutschen;;;;;;;;;x
fascistic_YUG;ZBOR;ZBOR;ZBOR;;ZBOR;;;;;;;;;x
paternal_autocrat_YUG;Narodna radikalna stranka;Narodna radikalna stranka;Narodna radikalna stranka;;Narodna radikalna stranka;;;;;;;;;x
social_conservative_YUG;Seljacko-demokratska koalicija;Seljacko-demokratska koalicija;Seljacko-demokratska koalicija;;Seljacko-demokratska koalicija;;;;;;;;;x
market_liberal_YUG;Liberalna stranka;Liberalna stranka;Liberalna stranka;;Liberalna stranka;;;;;;;;;x
social_liberal_YUG;Demokratska stranka;Demokratska stranka;Demokratska stranka;;Demokratska stranka;;;;;;;;;x
social_democrat_YUG;Jugoslovenska republikanska stranka;Jugoslovenska republikanska stranka;Jugoslovenska republikanska stranka;;Jugoslovenska republikanska stranka;;;;;;;;;x
left_wing_radical_YUG;Centrumasi;Centrumasi;Centrumasi;;Centrumasi;;;;;;;;;x
leninist_YUG;Socijalisticka radnicka partija Jugoslavije;Socijalisticka radnicka partija Jugoslavije;Socijalisticka radnicka partija Jugoslavije;;Socijalisticka radnicka partija Jugoslavije;;;;;;;;;x
stalinist_YUG;Komunisticka partija Jugoslavije;Komunisticka partija Jugoslavije;Komunisticka partija Jugoslavije;;Komunisticka partija Jugoslavije;;;;;;;;;x
