MODEL_TAG;Model;Modèle;Model;;Modelo;;;;;;;;;x;
ENG_anti_tank_brigade_0;2Pdr.OQF Mk.IX;2Pdr.OQF Mk.IX;2Pdr. OQF Mk. IX;;2Pdr.OQF Mk.IX;;;;;;;;;x;
ENG_anti_tank_brigade_1;6Pdr.OQF Mk.II;6Pdr.OQF Mk.II;6Pdr. OQF Mk. II;;6Pdr.OQF Mk.II;;;;;;;;;x;
ENG_anti_tank_brigade_2;17Pdr. Gun;Canon 17Pdr.;17Pdr.  Gun;;17Pdr. Cañón;;;;;;;;;x;
ENG_armor_brigade_0;Mark-A Whippet;Mark-A Whippet;Mark-A Whippet;;Mark-A Whippet;;;;;;;;;x;
ENG_armor_brigade_1;Mark-B Whippet;Mark-B Whippet;Mark-B Whippet;;Mark-B Whippet;;;;;;;;;x;
ENG_armor_brigade_2;Mark-C Whippet;Mark-C Whippet;Mark-C Whippet;;Mark-C Whippet;;;;;;;;;x;
ENG_armored_car_brigade_0;Motor War Car;Motor War Car;Motor War Car;;Motor War Car;;;;;;;;;x;
ENG_armored_car_brigade_1;Rolls-Royce Armoured Car;Rolls-Royce Armoured Car;Rolls-Royce Armoured Car;;Rolls-Royce Armoured Car;;;;;;;;;x;
ENG_armored_car_brigade_2;Lanchester 6x4 Armoured Car;Lanchester 6x4 Armoured Car;Lanchester 6x4 Armoured Car;;Lanchester 6x4 Armoured Car;;;;;;;;;x;
ENG_armored_car_brigade_3;Carden-Loyd Mk.VI;Carden-Loyd Mk.VI;Carden-Loyd Mk.VI;;Carden-Loyd Mk.VI;;;;;;;;;x;
ENG_armored_car_brigade_5;Humber Scout Car;Humber Scout Car;Humber Scout Car;;Humber Scout Car;;;;;;;;;x;
ENG_armored_car_brigade_6;AEC Armoured Car Mk. III;AEC Armoured Car Mk. III;AEC Armoured Car Mk. III;;AEC Armoured Car Mk. III;;;;;;;;;x;
ENG_armored_car_brigade_7;Ferret armoured car;Ferret armoured car;Ferret armoured car;;Ferret armoured car;;;;;;;;;x;
ENG_armored_car_brigade_8;FV601 Saladin;FV601 Saladin;FV601 Saladin;;FV601 Saladin;;;;;;;;;x;
ENG_artillery_brigade_0;Ordnance BL 15pdr;Ordnance BL 15pdr;Ordnance BL 15pdr;;Ordnance BL 15pdr;;;;;;;;;x;
ENG_artillery_brigade_1;Ordnance QF 4.5inch;Ordnance QF 4.5inch;Ordnance QF 4.5inch;;Ordnance QF 4.5inch;;;;;;;;;x;
ENG_artillery_brigade_10;BL 4.5inch;BL 4.5inch;BL 4.5inch;;BL 4.5inch;;;;;;;;;x;
ENG_artillery_brigade_11;155mm Howitzer;155mm Howitzer;155mm Howitzer;;155mm Howitzer;;;;;;;;;x;
ENG_artillery_brigade_2;BL 6inch Mk. VII;BL 6inch Mk. VII;BL 6inch Mk. VII;;BL 6inch Mk. VII;;;;;;;;;x;
ENG_artillery_brigade_3;BL 8inch Mk. VI;BL 8inch Mk. VI;BL 8inch Mk. VI;;BL 8inch Mk. VI;;;;;;;;;x;
ENG_artillery_brigade_4;BL 6inch Mk. XIX;BL 6inch Mk. XIX;BL 6inch Mk. XIX;;BL 6inch Mk. XIX;;;;;;;;;x;
ENG_artillery_brigade_5;Ordnance QF 18pdr Mk II;Ordnance QF 18pdr Mk II;Ordnance QF 18pdr Mk II;;Ordnance QF 18pdr Mk II;;;;;;;;;x;
ENG_artillery_brigade_6;Ordnance QF 18pdr Mk III;Ordnance QF 18pdr Mk III;Ordnance QF 18pdr Mk III;;Ordnance QF 18pdr Mk III;;;;;;;;;x;
ENG_artillery_brigade_7;Ordnance QF 18pdr Mk IV;Ordnance QF 18pdr Mk IV;Ordnance QF 18pdr Mk IV;;Ordnance QF 18pdr Mk IV;;;;;;;;;x;
ENG_artillery_brigade_8;Ordnance QF 18pdr Mk V;Ordnance QF 18pdr Mk V;Ordnance QF 18pdr Mk V;;Ordnance QF 18pdr Mk V;;;;;;;;;x;
ENG_artillery_brigade_9;Ordnance QF 25pdr;Ordnance QF 25pdr;Ordnance QF 25pdr;;Ordnance QF 25pdr;;;;;;;;;x;
ENG_light_armor_brigade_0;Mark I;Mark I;Mark I;;Mark I;;;;;;;;;x;
ENG_light_armor_brigade_1;Mark II;Mark II;Mark II;;Mark II;;;;;;;;;x;
ENG_light_armor_brigade_2;Mark III;Mark III;Mark III;;Mark III;;;;;;;;;x;
ENG_light_armor_brigade_3;Mark IV;Mark IV;Mark IV;;Mark IV;;;;;;;;;x;
ENG_light_armor_brigade_4;Mark V;Mark V;Mark V;;Mark V;;;;;;;;;x;
ENG_light_armor_brigade_5;Mark VIII;Mark VIII;Mark VIII;;Mark VIII;;;;;;;;;x;
FRA_armor_brigade_1;FCM-36;FCM-36;FCM-36;;FCM-36;;;;;;;;;x;
FRA_armor_brigade_2;Somua S-35;Somua S-35;Somua S-35;;Somua S-35;;;;;;;;;x;
FRA_armor_brigade_3;Somua S-40;Somua S-40;Somua S-40;;Somua S-40;;;;;;;;;x;
FRA_armor_brigade_4;ARL-44;ARL-44;ARL-44;;ARL-44;;;;;;;;;x;
FRA_armor_brigade_5;AMX-50;AMX-50;AMX-50;;AMX-50;;;;;;;;;x;
FRA_armor_brigade_6;M47 Patton;M47 Patton;M47 Patton;;M47 Patton;;;;;;;;;x;
FRA_armor_brigade_7;AMX-30;AMX-30;AMX-30;;AMX-30;;;;;;;;;x;
FRA_armored_car_brigade_1;Peugeot Armored Car;Peugeot Armored Car;Peugeot Armored Car;;Peugeot Armored Car;;;;;;;;;x;
FRA_armored_car_brigade_3;AMC Schneider P 16;AMC Schneider P 16;AMC Schneider P 16;;AMC Schneider P 16;;;;;;;;;x;
FRA_armored_car_brigade_4;Panhard 178;Panhard 178;Panhard 178;;Panhard 178;;;;;;;;;x;
FRA_armored_car_brigade_5;Panhard 201;Panhard 201;Panhard 201;;Panhard 201;;;;;;;;;x;
FRA_armored_car_brigade_6;EBR-75;EBR-75;EBR-75;;EBR-75;;;;;;;;;x;
FRA_armored_car_brigade_7;Panhard AML;Panhard AML;Panhard AML;;Panhard AML;;;;;;;;;x;
FRA_artillery_brigade_0;Canon de 75 mle 1897;Canon de 75 mle 1897;Canon de 75 mle 1897;;Canon de 75 mle 1897;;;;;;;;;x;
FRA_artillery_brigade_1;Canon de 75 mle 1912;Canon de 75 mle 1912;Canon de 75 mle 1912;;Canon de 75 mle 1912;;;;;;;;;x;
FRA_artillery_brigade_2;Canon de 105 mle 1913;Canon de 105 mle 1913;Canon de 105 mle 1913;;Canon de 105 mle 1913;;;;;;;;;x;
FRA_artillery_brigade_3;Canon de 155 C mle 1917;Canon de 155 C mle 1917;Canon de 155 C mle 1917;;Canon de 155 C mle 1917;;;;;;;;;x;
FRA_artillery_brigade_4;Canon de 155mm GPF;Canon de 155mm GPF;Canon de 155mm GPF;;Canon de 155mm GPF;;;;;;;;;x;
FRA_artillery_brigade_7;Canon de 105 Mle 1935;Canon de 105 Mle 1935;Canon de 105 Mle 1935;;Canon de 105 Mle 1935;;;;;;;;;x;
FRA_artillery_brigade_9;Canon de 194 Mle GPF;Canon de 194 Mle GPF;Canon de 194 Mle GPF;;Canon de 194 Mle GPF;;;;;;;;;x;
FRA_light_armor_brigade_0;Renault FT 17;Renault FT 17;Renault FT 17;;Renault FT 17;;;;;;;;;x;
FRA_light_armor_brigade_3;Renault NC;Renault NC;Renault NC;;Renault NC;;;;;;;;;x;
FRA_light_armor_brigade_4;AMR 33;AMR 33;AMR 33;;AMR 33;;;;;;;;;x;
FRA_light_armor_brigade_5;AMR 35;AMR 35;AMR 35;;AMR 35;;;;;;;;;x;
FRA_light_armor_brigade_6;Hotchkiss H-35;Hotchkiss H-35;Hotchkiss H-35;;Hotchkiss H-35;;;;;;;;;x;
FRA_light_armor_brigade_7;Somua S35;Somua S35;Somua S35;;Somua S35;;;;;;;;;x;
FRA_light_armor_brigade_8;Hotchkiss H-39;Hotchkiss H-39;Hotchkiss H-39;;Hotchkiss H-39;;;;;;;;;x;
GER_anti_tank_brigade_0;Patrone SmK Kurz 7.92 mm;Patrone SmK Kurz 7.92 mm;Patrone SmK Kurz 7.92 mm;;Patrone SmK Kurz 7.92 mm;;;;;;;;;x;
GER_anti_tank_brigade_1;Tankgewehr M1918;Tankgewehr M1918;Tankgewehr M1918;;Tankgewehr M1918;;;;;;;;;x;
GER_anti_tank_brigade_2;3.7 cm TaK Rheinmetall;3.7 cm TaK Rheinmetall;3.7 cm TaK Rheinmetall;;3.7 cm TaK Rheinmetall;;;;;;;;;x;
AUH_interceptor_0;Fokker E.I;Fokker E.I;Fokker E.I;;Fokker E.I;;;;;;;;;x;
AUH_interceptor_1;Fokker E.III;Fokker E.III;Fokker E.III;;Fokker E.III;;;;;;;;;x;
AUH_interceptor_2;Hansa-Brandenburg D.I;Hansa-Brandenburg D.I;Hansa-Brandenburg D.I;;Hansa-Brandenburg D.I;;;;;;;;;x;
AUH_interceptor_3;Aviatik D.I;Aviatik D.I;Aviatik D.I;;Aviatik D.I;;;;;;;;;x;
AUH_interceptor_4;Phönix D-III;Phönix D-III;Phönix D-III;;Phönix D-III;;;;;;;;;x;
FRA_interceptor_0;Morane-Saulnier N;Morane-Saulnier N;Morane-Saulnier N;;Morane-Saulnier N;;;;;;;;;x;
FRA_interceptor_1;Nieuport 11 Bébé;Nieuport 11 Bébé;Nieuport 11 Bébé;;Nieuport 11 Bébé;;;;;;;;;x;
FRA_interceptor_2;SPAD S-VII;SPAD S-VII;SPAD S-VII;;SPAD S-VII;;;;;;;;;x;
FRA_interceptor_3;SPAD S.XIII;SPAD S.XIII;SPAD S.XIII;;SPAD S.XIII;;;;;;;;;x;
FRA_interceptor_4;Nieuport 29;Nieuport 29;Nieuport 29;;Nieuport 29;;;;;;;;;x;
GER_interceptor_0;Fokker E.I Eindecker;Fokker E.I Eindecker;Fokker E.I Eindecker;;Fokker E.I Eindecker;;;;;;;;;x;
GER_interceptor_1;Fokker E.III;Fokker E.III;Fokker E.III;;Fokker E.III;;;;;;;;;x;
GER_interceptor_2;Albatros D.II;Albatros D.II;Albatros D.II;;Albatros D.II;;;;;;;;;x;
GER_interceptor_3;Albatros D.III;Albatros D.III;Albatros D.III;;Albatros D.III;;;;;;;;;x;
GER_interceptor_4;Fokker D.VIII;Fokker D.VIII;Fokker D.VIII;;Fokker D.VIII;;;;;;;;;x;
ENG_interceptor_0;RAF SE.2a;RAF SE.2a;RAF SE.2a;;RAF SE.2a;;;;;;;;;x;
ENG_interceptor_1;Bristol Scout D;Bristol Scout D;Bristol Scout D;;Bristol Scout D;;;;;;;;;x;
ENG_interceptor_2;Sopwith Pup;Sopwith Pup;Sopwith Pup;;Sopwith Pup;;;;;;;;;x;
ENG_interceptor_3;Sopwith F.1 Camel;Sopwith F.1 Camel;Sopwith F.1 Camel;;Sopwith F.1 Camel;;;;;;;;;x;
ENG_interceptor_4;Sopwith 7F.1 Snipe;Sopwith 7F.1 Snipe;Sopwith 7F.1 Snipe;;Sopwith 7F.1 Snipe;;;;;;;;;x;
ITA_interceptor_0;Caproni Ca.20;Caproni Ca.20;Caproni Ca.20;;Caproni Ca.20;;;;;;;;;x;
ITA_interceptor_1;Nieuport 11;Nieuport 11;Nieuport 11;;Nieuport 11;;;;;;;;;x;
ITA_interceptor_2;Hanriot H.D.1;Hanriot H.D.1;Hanriot H.D.1;;Hanriot H.D.1;;;;;;;;;x;
ITA_interceptor_3;Ansaldo A.1 Balilla;Ansaldo A.1 Balilla;Ansaldo A.1 Balilla;;Ansaldo A.1 Balilla;;;;;;;;;x;
ITA_interceptor_4;Pomilio Gamma;Pomilio Gamma;Pomilio Gamma;;Pomilio Gamma;;;;;;;;;x;
RUS_interceptor_0;Morane-Saulnier N;Morane-Saulnier N;Morane-Saulnier N;;Morane-Saulnier N;;;;;;;;;x;
RUS_interceptor_1;Nieuport 11;Nieuport 11;Nieuport 11;;Nieuport 11;;;;;;;;;x;
RUS_interceptor_2;Sikorsky S-16;Sikorsky S-16;Sikorsky S-16;;Sikorsky S-16;;;;;;;;;x;
RUS_interceptor_3;SPAD S.XIII;SPAD S.XIII;SPAD S.XIII;;SPAD S.XIII;;;;;;;;;x;
RUS_interceptor_4;;;;;;;;;;;;;;x;
USA_interceptor_0;;;;;;;;;;;;;;x;
USA_interceptor_1;;;;;;;;;;;;;;x;
USA_interceptor_2;SPAD VII;SPAD VII;SPAD VII;;SPAD VII;;;;;;;;;x;
USA_interceptor_3;SPAD S.XIII;SPAD S.XIII;SPAD S.XIII;;SPAD S.XIII;;;;;;;;;x;
USA_interceptor_4;Nieuport 28;Nieuport 28;Nieuport 28;;Nieuport 28;;;;;;;;;x;
AUH_scout_0;Lohner B.II;Lohner B.II;Lohner B.II;;Lohner B.II;;;;;;;;;x;
AUH_scout_1;Lohner B.VII;Lohner B.VII;Lohner B.VII;;Lohner B.VII;;;;;;;;;x;
AUH_scout_2;Lloyd C.III;Lloyd C.III;Lloyd C.III;;Lloyd C.III;;;;;;;;;x;
AUH_scout_3;Hansa-Brandenburg C.I;Hansa-Brandenburg C.I;Hansa-Brandenburg C.I;;Hansa-Brandenburg C.I;;;;;;;;;x;
AUH_scout_4;Phönix C.I;Phönix C.I;Phönix C.I;;Phönix C.I;;;;;;;;;x;
AUH_scout_5;Ufag C.I;Ufag C.I;Ufag C.I;;Ufag C.I;;;;;;;;;x;
FRA_scout_0;Blériot XI;Blériot XI;Blériot XI;;Blériot XI;;;;;;;;;x;
FRA_scout_1;Morane-Saulnier L;Morane-Saulnier L;Morane-Saulnier L;;Morane-Saulnier L;;;;;;;;;x;
FRA_scout_2;Farman F.40;Farman F.40;Farman F.40;;Farman F.40;;;;;;;;;x;
FRA_scout_3;SPAD S.XI;SPAD S.XI;SPAD S.XI;;SPAD S.XI;;;;;;;;;x;
FRA_scout_4;Bréguet Br.14  A2;Bréguet Br.14  A2;Bréguet Br.14  A2;;Bréguet Br.14  A2;;;;;;;;;x;
FRA_scout_5;Salmson 2;Salmson 2;Salmson 2;;Salmson 2;;;;;;;;;x;
GER_scout_0;Gotha Taube;Gotha Taube;Gotha Taube;;Gotha Taube;;;;;;;;;x;
GER_scout_1;LVG B.I ;LVG B.I ;LVG B.I ;;LVG B.I ;;;;;;;;;x;
GER_scout_2;Rumpler C.I;Rumpler C.I;Rumpler C.I;;Rumpler C.I;;;;;;;;;x;
GER_scout_3;Albatros C.VII;Albatros C.VII;Albatros C.VII;;Albatros C.VII;;;;;;;;;x;
GER_scout_4;Junkers J.I;Junkers J.I;Junkers J.I;;Junkers J.I;;;;;;;;;x;
GER_scout_5;Hannover CL.IIIa;Hannover CL.IIIa;Hannover CL.IIIa;;Hannover CL.IIIa;;;;;;;;;x;
ENG_scout_0;Avro 504;Avro 504;Avro 504;;Avro 504;;;;;;;;;x;
ENG_scout_1;Royal Aircraft Factory B.E.2c;Royal Aircraft Factory B.E.2c;Royal Aircraft Factory B.E.2c;;Royal Aircraft Factory B.E.2c;;;;;;;;;x;
ENG_scout_2;Royal Aircraft Factory F.E.2d;Royal Aircraft Factory F.E.2d;Royal Aircraft Factory F.E.2d;;Royal Aircraft Factory F.E.2d;;;;;;;;;x;
ENG_scout_3;Royal Aircraft Factory R.E.8;Royal Aircraft Factory R.E.8;Royal Aircraft Factory R.E.8;;Royal Aircraft Factory R.E.8;;;;;;;;;x;
ENG_scout_4;Airco D.H.6;Airco D.H.6;Airco D.H.6;;Airco D.H.6;;;;;;;;;x;
ENG_scout_5;Sopwith Dolphin;Sopwith Dolphin;Sopwith Dolphin;;Sopwith Dolphin;;;;;;;;;x;
ITA_scout_0;Gabardini monoplane;Gabardini monoplane;Gabardini monoplane;;Gabardini monoplane;;;;;;;;;x;
ITA_scout_1;SAML S.2;SAML S.2;SAML S.2;;SAML S.2;;;;;;;;;x;
ITA_scout_2;Farman F.40;Farman F.40;Farman F.40;;Farman F.40;;;;;;;;;x;
ITA_scout_3;Società Italiana Aviazione 7B;Società Italiana Aviazione 7B;Società Italiana Aviazione 7B;;Società Italiana Aviazione 7B;;;;;;;;;x;
ITA_scout_4;Pomilio PE;Pomilio PE;Pomilio PE;;Pomilio PE;;;;;;;;;x;
ITA_scout_5;Ansaldo S.V.A.5;Ansaldo S.V.A.5;Ansaldo S.V.A.5;;Ansaldo S.V.A.5;;;;;;;;;x;
RUS_scout_0;Sikorsky S-10;Sikorsky S-10;Sikorsky S-10;;Sikorsky S-10;;;;;;;;;x;
RUS_scout_1;Lebed VII;Lebed VII;Lebed VII;;Lebed VII;;;;;;;;;x;
RUS_scout_2;Anatra D Anade;Anatra D Anade;Anatra D Anade;;Anatra D Anade;;;;;;;;;x;
RUS_scout_3;Lebed XII;Lebed XII;Lebed XII;;Lebed XII;;;;;;;;;x;
RUS_scout_4;Anatra DS Anasal;Anatra DS Anasal;Anatra DS Anasal;;Anatra DS Anasal;;;;;;;;;x;
RUS_scout_5;;;;;;;;;;;;;;x;
USA_scout_0;;;;;;;;;;;;;;x;
USA_scout_1;;;;;;;;;;;;;;x;
USA_scout_2;Curtiss JN4d Jenny;Curtiss JN4d Jenny;Curtiss JN4d Jenny;;Curtiss JN4d Jenny;;;;;;;;;x;
USA_scout_3;SPAD S.XI;SPAD S.XI;SPAD S.XI;;SPAD S.XI;;;;;;;;;x;
USA_scout_4;Burgess HT-2 Speed Scout;Burgess HT-2 Speed Scout;Burgess HT-2 Speed Scout;;Burgess HT-2 Speed Scout;;;;;;;;;x;
USA_scout_5;Packard Le Père-Lusac 11;Packard Le Père-Lusac 11;Packard Le Père-Lusac 11;;Packard Le Père-Lusac 11;;;;;;;;;x;
AUH_tactical_bomber_0;Rumpler G.I;Rumpler G.I;Rumpler G.I;;Rumpler G.I;;;;;;;;;x;
AUH_tactical_bomber_1;Siemens-Schuckert Steffen R.I;Siemens-Schuckert Steffen R.I;Siemens-Schuckert Steffen R.I;;Siemens-Schuckert Steffen R.I;;;;;;;;;x;
AUH_tactical_bomber_2;Lohner C1;Lohner C1;Lohner C1;;Lohner C1;;;;;;;;;x;
AUH_tactical_bomber_3;Hansa-Brandenburg G.1;Hansa-Brandenburg G.1;Hansa-Brandenburg G.1;;Hansa-Brandenburg G.1;;;;;;;;;x;
AUH_tactical_bomber_4;Junkers CL.I;Junkers CL.I;Junkers CL.I;;Junkers CL.I;;;;;;;;;x;
FRA_tactical_bomber_0;Maurice Farman MF.11;Maurice Farman MF.11;Maurice Farman MF.11;;Maurice Farman MF.11;;;;;;;;;x;
FRA_tactical_bomber_1;Caudron G.IV;Caudron G.IV;Caudron G.IV;;Caudron G.IV;;;;;;;;;x;
FRA_tactical_bomber_2;Voisin VIII;Voisin VIII;Voisin VIII;;Voisin VIII;;;;;;;;;x;
FRA_tactical_bomber_3;Bréguet Br.14  B2;Bréguet Br.14  B2;Bréguet Br.14  B2;;Bréguet Br.14  B2;;;;;;;;;x;
FRA_tactical_bomber_4;Caudron R.11;Caudron R.11;Caudron R.11;;Caudron R.11;;;;;;;;;x;
GER_tactical_bomber_0;Rumpler G.I;Rumpler G.I;Rumpler G.I;;Rumpler G.I;;;;;;;;;x;
GER_tactical_bomber_1;Siemens-Schuckert Steffen R.I;Siemens-Schuckert Steffen R.I;Siemens-Schuckert Steffen R.I;;Siemens-Schuckert Steffen R.I;;;;;;;;;x;
GER_tactical_bomber_2;A.E.G. G.IV;A.E.G. G.IV;A.E.G. G.IV;;A.E.G. G.IV;;;;;;;;;x;
GER_tactical_bomber_3;Gotha G.V;Gotha G.V;Gotha G.V;;Gotha G.V;;;;;;;;;x;
GER_tactical_bomber_4;Junkers CL.I;Junkers CL.I;Junkers CL.I;;Junkers CL.I;;;;;;;;;x;
ENG_tactical_bomber_0;Sopwith Tabloid;Sopwith Tabloid;Sopwith Tabloid;;Sopwith Tabloid;;;;;;;;;x;
ENG_tactical_bomber_1;Royal Aircraft Factory R.E.7;Royal Aircraft Factory R.E.7;Royal Aircraft Factory R.E.7;;Royal Aircraft Factory R.E.7;;;;;;;;;x;
ENG_tactical_bomber_2;Handley Page O/100;Handley Page O/100;Handley Page O/100;;Handley Page O/100;;;;;;;;;x;
ENG_tactical_bomber_3;Airco D.H.4;Airco D.H.4;Airco D.H.4;;Airco D.H.4;;;;;;;;;x;
ENG_tactical_bomber_4;Handley Page V/1500;Handley Page V/1500;Handley Page V/1500;;Handley Page V/1500;;;;;;;;;x;
ITA_tactical_bomber_0;Caproni Ca.1;Caproni Ca.1;Caproni Ca.1;;Caproni Ca.1;;;;;;;;;x;
ITA_tactical_bomber_1;Caudron G.IV;Caudron G.IV;Caudron G.IV;;Caudron G.IV;;;;;;;;;x;
ITA_tactical_bomber_2;Caproni Ca.3;Caproni Ca.3;Caproni Ca.3;;Caproni Ca.3;;;;;;;;;x;
ITA_tactical_bomber_3;Armstrong-Whitworth F.K.8;Armstrong-Whitworth F.K.8;Armstrong-Whitworth F.K.8;;Armstrong-Whitworth F.K.8;;;;;;;;;x;
ITA_tactical_bomber_4;Caproni Ca.5;Caproni Ca.5;Caproni Ca.5;;Caproni Ca.5;;;;;;;;;x;
RUS_tactical_bomber_0;Maurice Farman MF.11;Maurice Farman MF.11;Maurice Farman MF.11;;Maurice Farman MF.11;;;;;;;;;x;
RUS_tactical_bomber_1;Sikorsky Ilya Mourometz V;Sikorsky Ilya Mourometz V;Sikorsky Ilya Mourometz V;;Sikorsky Ilya Mourometz V;;;;;;;;;x;
RUS_tactical_bomber_2;Voisin 8;Voisin 8;Voisin 8;;Voisin 8;;;;;;;;;x;
RUS_tactical_bomber_3;Airco D.H.9;Airco D.H.9;Airco D.H.9;;Airco D.H.9;;;;;;;;;x;
RUS_tactical_bomber_4;;;;;;;;;;;;;;x;
USA_tactical_bomber_0;;;;;;;;;;;;;;x;
USA_tactical_bomber_1;;;;;;;;;;;;;;x;
USA_tactical_bomber_2;;;;;;;;;;;;;;x;
USA_tactical_bomber_3;Airco D.H.4;Airco D.H.4;Airco D.H.4;;Airco D.H.4;;;;;;;;;x;
USA_tactical_bomber_4;Martin MB-1;Martin MB-1;Martin MB-1;;Martin MB-1;;;;;;;;;x;
AUH_cag_0;Oertz FB.3;Oertz FB.3;Oertz FB.3;;Oertz FB.3;;;;;;;;;x;
AUH_cag_1;Friedrichshafen FF.33;Friedrichshafen FF.33;Friedrichshafen FF.33;;Friedrichshafen FF.33;;;;;;;;;x;
AUH_cag_2;Hansa-Brandenburg CC;Hansa-Brandenburg CC;Hansa-Brandenburg CC;;Hansa-Brandenburg CC;;;;;;;;;x;
AUH_cag_3;Hansa-Brandenburg KDW;Hansa-Brandenburg KDW;Hansa-Brandenburg KDW;;Hansa-Brandenburg KDW;;;;;;;;;x;
AUH_cag_4;Hansa-Brandenburg W.12;Hansa-Brandenburg W.12;Hansa-Brandenburg W.12;;Hansa-Brandenburg W.12;;;;;;;;;x;
AUH_cag_5;Hansa-Brandenburg W.18;Hansa-Brandenburg W.18;Hansa-Brandenburg W.18;;Hansa-Brandenburg W.18;;;;;;;;;x;
FRA_cag_0;Schreck-FBA Type B;Schreck-FBA Type B;Schreck-FBA Type B;;Schreck-FBA Type B;;;;;;;;;x;
FRA_cag_1;Schreck-FBA Type C;Schreck-FBA Type C;Schreck-FBA Type C;;Schreck-FBA Type C;;;;;;;;;x;
FRA_cag_2;Donnet-Denhaut flying boat;Donnet-Denhaut flying boat;Donnet-Denhaut flying boat;;Donnet-Denhaut flying boat;;;;;;;;;x;
FRA_cag_3;Hanriot HD-2;Hanriot HD-2;Hanriot HD-2;;Hanriot HD-2;;;;;;;;;x;
FRA_cag_4;SPAD S.XIV;SPAD S.XIV;SPAD S.XIV;;SPAD S.XIV;;;;;;;;;x;
FRA_cag_5;;;;;;;;;;;;;;x;
GER_cag_0;Oertz FB.3;Oertz FB.3;Oertz FB.3;;Oertz FB.3;;;;;;;;;x;
GER_cag_1;Friedrichshafen FF.33;Friedrichshafen FF.33;Friedrichshafen FF.33;;Friedrichshafen FF.33;;;;;;;;;x;
GER_cag_2;Friedrichshafen FF.39;Friedrichshafen FF.39;Friedrichshafen FF.39;;Friedrichshafen FF.39;;;;;;;;;x;
GER_cag_3;Albatros W.IV;Albatros W.IV;Albatros W.IV;;Albatros W.IV;;;;;;;;;x;
GER_cag_4;Friedrichshafen FF.41AT;Friedrichshafen FF.41AT;Friedrichshafen FF.41AT;;Friedrichshafen FF.41AT;;;;;;;;;x;
GER_cag_5;Hansa-Brandenburg W.29;Hansa-Brandenburg W.29;Hansa-Brandenburg W.29;;Hansa-Brandenburg W.29;;;;;;;;;x;
ENG_cag_0;Avro 501;Avro 501;Avro 501;;Avro 501;;;;;;;;;x;
ENG_cag_1;Short Admiralty Type 827;Short Admiralty Type 827;Short Admiralty Type 827;;Short Admiralty Type 827;;;;;;;;;x;
ENG_cag_2;Sopwith Baby;Sopwith Baby;Sopwith Baby;;Sopwith Baby;;;;;;;;;x;
ENG_cag_3;Short Admiralty Type 166;Short Admiralty Type 166;Short Admiralty Type 166;;Short Admiralty Type 166;;;;;;;;;x;
ENG_cag_4;Fairey Campania F.17;Fairey Campania F.17;Fairey Campania F.17;;Fairey Campania F.17;;;;;;;;;x;
ENG_cag_5;Sopwith T.1 Cuckoo;Sopwith T.1 Cuckoo;Sopwith T.1 Cuckoo;;Sopwith T.1 Cuckoo;;;;;;;;;x;
ITA_cag_0;Curtiss Model F-4;Curtiss Model F-4;Curtiss Model F-4;;Curtiss Model F-4;;;;;;;;;x;
ITA_cag_1;Schreck-FBA Type C;Schreck-FBA Type C;Schreck-FBA Type C;;Schreck-FBA Type C;;;;;;;;;x;
ITA_cag_2;Sopwith Baby;Sopwith Baby;Sopwith Baby;;Sopwith Baby;;;;;;;;;x;
ITA_cag_3;Macchi M.3;Macchi M.3;Macchi M.3;;Macchi M.3;;;;;;;;;x;
ITA_cag_4;Macchi M.5;Macchi M.5;Macchi M.5;;Macchi M.5;;;;;;;;;x;
ITA_cag_5;Macchi M.7;Macchi M.7;Macchi M.7;;Macchi M.7;;;;;;;;;x;
RUS_cag_0;Curtiss Model F-4;Curtiss Model F-4;Curtiss Model F-4;;Curtiss Model F-4;;;;;;;;;x;
RUS_cag_1;Schreck-FBA Type C;Schreck-FBA Type C;Schreck-FBA Type C;;Schreck-FBA Type C;;;;;;;;;x;
RUS_cag_2;Grigorovich M-5;Grigorovich M-5;Grigorovich M-5;;Grigorovich M-5;;;;;;;;;x;
RUS_cag_3;Grigorovich M-12;Grigorovich M-12;Grigorovich M-12;;Grigorovich M-12;;;;;;;;;x;
RUS_cag_4;Grigorovich M-20;Grigorovich M-20;Grigorovich M-20;;Grigorovich M-20;;;;;;;;;x;
RUS_cag_5;Grigorovich M-24;Grigorovich M-24;Grigorovich M-24;;Grigorovich M-24;;;;;;;;;x;
USA_cag_0;Curtiss Model F-4;Curtiss Model F-4;Curtiss Model F-4;;Curtiss Model F-4;;;;;;;;;x;
USA_cag_1;Schreck-FBA Type C;Schreck-FBA Type C;Schreck-FBA Type C;;Schreck-FBA Type C;;;;;;;;;x;
USA_cag_2;Curtiss Model H;Curtiss Model H;Curtiss Model H;;Curtiss Model H;;;;;;;;;x;
USA_cag_3;Hanriot HD-2;Hanriot HD-2;Hanriot HD-2;;Hanriot HD-2;;;;;;;;;x;
USA_cag_4;Curtiss HS;Curtiss HS;Curtiss HS;;Curtiss HS;;;;;;;;;x;
USA_cag_5;Curtiss F-5L;Curtiss F-5L;Curtiss F-5L;;Curtiss F-5L;;;;;;;;;x;
TUR_interceptor_0;Fokker E.I;Fokker E.I;Fokker E.I;;Fokker E.I;;;;;;;;;x;
TUR_interceptor_1;Fokker E.III;Fokker E.III;Fokker E.III;;Fokker E.III;;;;;;;;;x;
TUR_interceptor_2;Albatros D.II;Albatros D.II;Albatros D.II;;Albatros D.II;;;;;;;;;x;
TUR_interceptor_3;Albatros D.III;Albatros D.III;Albatros D.III;;Albatros D.III;;;;;;;;;x;
TUR_interceptor_4;Fokker D.VIII;Fokker D.VIII;Fokker D.VIII;;Fokker D.VIII;;;;;;;;;x;
TUR_scout_0;Gotha Taube;Gotha Taube;Gotha Taube;;Gotha Taube;;;;;;;;;x;
TUR_scout_1;Pfalz A.I;Pfalz A.I;Pfalz A.I;;Pfalz A.I;;;;;;;;;x;
TUR_scout_2;Rumpler C.I;Rumpler C.I;Rumpler C.I;;Rumpler C.I;;;;;;;;;x;
TUR_scout_3;Albatros C.VII;Albatros C.VII;Albatros C.VII;;Albatros C.VII;;;;;;;;;x;
TUR_scout_4;Airco D.H.9;Airco D.H.9;Airco D.H.9;;Airco D.H.9;;;;;;;;;x;
TUR_scout_5;Hannover CL.IIIa;Hannover CL.IIIa;Hannover CL.IIIa;;Hannover CL.IIIa;;;;;;;;;x;
TUR_tactical_bomber_0;Rumpler G.I;Rumpler G.I;Rumpler G.I;;Rumpler G.I;;;;;;;;;x;
TUR_tactical_bomber_1;Caudron G.IV;Caudron G.IV;Caudron G.IV;;Caudron G.IV;;;;;;;;;x;
TUR_tactical_bomber_2;A.E.G. G.IV;A.E.G. G.IV;A.E.G. G.IV;;A.E.G. G.IV;;;;;;;;;x;
TUR_tactical_bomber_3;Gotha G.V;Gotha G.V;Gotha G.V;;Gotha G.V;;;;;;;;;x;
TUR_tactical_bomber_4;Junkers CL.I;Junkers CL.I;Junkers CL.I;;Junkers CL.I;;;;;;;;;x;
TUR_cag_0;Oertz FB.3;Oertz FB.3;Oertz FB.3;;Oertz FB.3;;;;;;;;;x;
TUR_cag_1;Friedrichshafen FF.33;Friedrichshafen FF.33;Friedrichshafen FF.33;;Friedrichshafen FF.33;;;;;;;;;x;
TUR_cag_2;Friedrichshafen FF.39;Friedrichshafen FF.39;Friedrichshafen FF.39;;Friedrichshafen FF.39;;;;;;;;;x;
TUR_cag_3;Albatros W.IV;Albatros W.IV;Albatros W.IV;;Albatros W.IV;;;;;;;;;x;
TUR_cag_4;Friedrichshafen FF.41AT;Friedrichshafen FF.41AT;Friedrichshafen FF.41AT;;Friedrichshafen FF.41AT;;;;;;;;;x;
TUR_cag_5;Hansa-Brandenburg W.29;Hansa-Brandenburg W.29;Hansa-Brandenburg W.29;;Hansa-Brandenburg W.29;;;;;;;;;x;
ARG_heavy_cruiser_2;Garibaldi Class;Garibaldi Class;Garibaldi Class;;Garibaldi Class;;;;;;;;;x;
ARG_dreadnaught_3;Rivadavia Class;Rivadavia Class;Rivadavia Class;;Rivadavia Class;;;;;;;;;x;
ARG_destroyer_2;Corrientes Class;Corrientes Class;Corrientes Class;;Corrientes Class;;;;;;;;;x;
ARG_destroyer_9;Catamarca Class;Catamarca Class;Catamarca Class;;Catamarca Class;;;;;;;;;x;
ARG_destroyer_10;La Plata Class;La Plata Class;La Plata Class;;La Plata Class;;;;;;;;;x;
ARG_destroyer_11;San Luis Class;San Luis Class;San Luis Class;;San Luis Class;;;;;;;;;x;
ARG_battleship_0;La Plata Class;La Plata Class;La Plata Class;;La Plata Class;;;;;;;;;x;
ARG_battleship_1;Almirante Brown Class;Almirante Brown Class;Almirante Brown Class;;Almirante Brown Class;;;;;;;;;x;
ARG_battleship_4;Libertad Class;Libertad Class;Libertad Class;;Libertad Class;;;;;;;;;x;
ARG_protected_cruiser_0;Patagonia Class;Patagonia Class;Patagonia Class;;Patagonia Class;;;;;;;;;x;
ARG_protected_cruiser_1;25 De Mayo Class;25 De Mayo Class;25 De Mayo Class;;25 De Mayo Class;;;;;;;;;x;
ARG_protected_cruiser_2;9 De Julio Class;9 De Julio Class;9 De Julio Class;;9 De Julio Class;;;;;;;;;x;
ARG_protected_cruiser_3;Buenos Aires Class;Buenos Aires Class;Buenos Aires Class;;Buenos Aires Class;;;;;;;;;x;
AUH_heavy_cruiser_1;Kaiserin und Königin Maria Theresia Class;Kaiserin und Königin Maria Theresia Class;Kaiserin und Königin Maria Theresia Class;;Kaiserin und Königin Maria Theresia Class;;;;;;;;;x;
AUH_heavy_cruiser_4;Kaiser Karl VI Class;Kaiser Karl VI Class;Kaiser Karl VI Class;;Kaiser Karl VI Class;;;;;;;;;x;
AUH_heavy_cruiser_6;Sankt Georg Class;Sankt Georg Class;Sankt Georg Class;;Sankt Georg Class;;;;;;;;;x;
AUH_light_cruiser_1;Admiral Spaun Class;Admiral Spaun Class;Admiral Spaun Class;;Admiral Spaun Class;;;;;;;;;x;
AUH_light_cruiser_3;Novara Class;Novara Class;Novara Class;;Novara Class;;;;;;;;;x;
AUH_coastal_submarine_3;U1 Class;U1 Class;U1 Class;;U1 Class;;;;;;;;;x;
AUH_coastal_submarine_4;U3 Class;U3 Class;U3 Class;;U3 Class;;;;;;;;;x;
AUH_coastal_submarine_5;U5 Class;U5 Class;U5 Class;;U5 Class;;;;;;;;;x;
AUH_coastal_submarine_6;U10 Class;U10 Class;U10 Class;;U10 Class;;;;;;;;;x;
AUH_coastal_submarine_7;U14 Class;U14 Class;U14 Class;;U14 Class;;;;;;;;;x;
AUH_coastal_submarine_8;U20 Class;U20 Class;U20 Class;;U20 Class;;;;;;;;;x;
AUH_dreadnaught_2;Tegetthoff Class;Tegetthoff Class;Tegetthoff Class;;Tegetthoff Class;;;;;;;;;x;
AUH_destroyer_0;Meteor Class;Meteor Class;Meteor Class;;Meteor Class;;;;;;;;;x;
AUH_destroyer_1;Blitz Class;Blitz Class;Blitz Class;;Blitz Class;;;;;;;;;x;
AUH_destroyer_7;Huszar Class;Huszar Class;Huszar Class;;Huszar Class;;;;;;;;;x;
AUH_destroyer_10;Tátra Class;Tátra Class;Tátra Class;;Tátra Class;;;;;;;;;x;
AUH_destroyer_11;Warasdiner Class;Warasdiner Class;Warasdiner Class;;Warasdiner Class;;;;;;;;;x;
AUH_destroyer_13;Ersatz Tátra Class;Ersatz Tátra Class;Ersatz Tátra Class;;Ersatz Tátra Class;;;;;;;;;x;
AUH_longrange_submarine_0;U27 Class;U27 Class;U27 Class;;U27 Class;;;;;;;;;x;
AUH_longrange_submarine_1;U43 Class;U43 Class;U43 Class;;U43 Class;;;;;;;;;x;
AUH_battleship_3;Kronprinzessin Erzherzogin Stephanie Class;Kronprinzessin Erzherzogin Stephanie Class;Kronprinzessin Erzherzogin Stephanie Class;;Kronprinzessin Erzherzogin Stephanie Class;;;;;;;;;x;
AUH_battleship_4;Kronprinz Erzherzogin Rudolf Class;Kronprinz Erzherzogin Rudolf Class;Kronprinz Erzherzogin Rudolf Class;;Kronprinz Erzherzogin Rudolf Class;;;;;;;;;x;
AUH_battleship_7;Monarch Class;Monarch Class;Monarch Class;;Monarch Class;;;;;;;;;x;
AUH_battleship_9;Habsburg Class;Habsburg Class;Habsburg Class;;Habsburg Class;;;;;;;;;x;
AUH_battleship_11;Erzherzog Karl Class;Erzherzog Karl Class;Erzherzog Karl Class;;Erzherzog Karl Class;;;;;;;;;x;
AUH_battleship_12;Radetzky Class;Radetzky Class;Radetzky Class;;Radetzky Class;;;;;;;;;x;
AUH_protected_cruiser_0;Zara Class;Zara Class;Zara Class;;Zara Class;;;;;;;;;x;
AUH_protected_cruiser_1;Panther Class;Panther Class;Panther Class;;Panther Class;;;;;;;;;x;
AUH_protected_cruiser_2;Tiger Class;Tiger Class;Tiger Class;;Tiger Class;;;;;;;;;x;
AUH_protected_cruiser_3;Kaiser Franz Joseph I Class;Kaiser Franz Joseph I Class;Kaiser Franz Joseph I Class;;Kaiser Franz Joseph I Class;;;;;;;;;x;
AUH_protected_cruiser_4;Zenta Class;Zenta Class;Zenta Class;;Zenta Class;;;;;;;;;x;
BRA_light_cruiser_1;Bahia Class;Bahia Class;Bahia Class;;Bahia Class;;;;;;;;;x;
BRA_coastal_submarine_6;F1 Class;F1 Class;F1 Class;;F1 Class;;;;;;;;;x;
BRA_dreadnaught_1;Minas Gerais Class;Minas Gerais Class;Minas Gerais Class;;Minas Gerais Class;;;;;;;;;x;
BRA_destroyer_1;Tiradentes Class;Tiradentes Class;Tiradentes Class;;Tiradentes Class;;;;;;;;;x;
BRA_destroyer_2;Gustavo Sampaio Class;Gustavo Sampaio Class;Gustavo Sampaio Class;;Gustavo Sampaio Class;;;;;;;;;x;
BRA_destroyer_3;Tupi Class;Tupi Class;Tupi Class;;Tupi Class;;;;;;;;;x;
BRA_destroyer_4;Tamoio Class;Tamoio Class;Tamoio Class;;Tamoio Class;;;;;;;;;x;
BRA_destroyer_8;Para Class;Para Class;Para Class;;Para Class;;;;;;;;;x;
BRA_battleship_1;Riachuelo Class;Riachuelo Class;Riachuelo Class;;Riachuelo Class;;;;;;;;;x;
BRA_battleship_2;Aquidaban Class;Aquidaban Class;Aquidaban Class;;Aquidaban Class;;;;;;;;;x;
BRA_battleship_8;Marshal Deodoro Class;Marshal Deodoro Class;Marshal Deodoro Class;;Marshal Deodoro Class;;;;;;;;;x;
BRA_protected_cruiser_0;Trajano Class;Trajano Class;Trajano Class;;Trajano Class;;;;;;;;;x;
BRA_protected_cruiser_1;Guanabara Class;Guanabara Class;Guanabara Class;;Guanabara Class;;;;;;;;;x;
BRA_protected_cruiser_2;Parnaiba Class;Parnaiba Class;Parnaiba Class;;Parnaiba Class;;;;;;;;;x;
BRA_protected_cruiser_3;Primiero De Marco Class;Primiero De Marco Class;Primiero De Marco Class;;Primiero De Marco Class;;;;;;;;;x;
BRA_protected_cruiser_4;Almirante Tamandare Class;Almirante Tamandare Class;Almirante Tamandare Class;;Almirante Tamandare Class;;;;;;;;;x;
BRA_protected_cruiser_5;Benjamin Constant Class;Benjamin Constant Class;Benjamin Constant Class;;Benjamin Constant Class;;;;;;;;;x;
BRA_protected_cruiser_6;Republica Class;Republica Class;Republica Class;;Republica Class;;;;;;;;;x;
BRA_protected_cruiser_7;Barrozo Class;Barrozo Class;Barrozo Class;;Barrozo Class;;;;;;;;;x;
CHI_light_cruiser_2;Chao Ho Class;Chao Ho Class;Chao Ho Class;;Chao Ho Class;;;;;;;;;x;
CHI_destroyer_7;Hu Peng Class;Hu Peng Class;Hu Peng Class;;Hu Peng Class;;;;;;;;;x;
CHI_destroyer_10;Chang Feng Class;Chang Feng Class;Chang Feng Class;;Chang Feng Class;;;;;;;;;x;
CHI_protected_cruiser_0;Hai Ching Class;Hai Ching Class;Hai Ching Class;;Hai Ching Class;;;;;;;;;x;
CHI_protected_cruiser_1;Fu Po Class;Fu Po Class;Fu Po Class;;Fu Po Class;;;;;;;;;x;
CHI_protected_cruiser_2;Wei Yuan Class;Wei Yuan Class;Wei Yuan Class;;Wei Yuan Class;;;;;;;;;x;
CHI_protected_cruiser_3;Nan Tan Class;Nan Tan Class;Nan Tan Class;;Nan Tan Class;;;;;;;;;x;
CHI_protected_cruiser_4;Pao Min Class;Pao Min Class;Pao Min Class;;Pao Min Class;;;;;;;;;x;
CHI_protected_cruiser_5;Kai Chi Class;Kai Chi Class;Kai Chi Class;;Kai Chi Class;;;;;;;;;x;
CHI_protected_cruiser_6;Tung Chi Class;Tung Chi Class;Tung Chi Class;;Tung Chi Class;;;;;;;;;x;
CHI_protected_cruiser_7;Hai Yung Class;Hai Yung Class;Hai Yung Class;;Hai Yung Class;;;;;;;;;x;
CHI_protected_cruiser_8;Hai Tien Class;Hai Tien Class;Hai Tien Class;;Hai Tien Class;;;;;;;;;x;
CHC_light_cruiser_2;Chao Ho Class;Chao Ho Class;Chao Ho Class;;Chao Ho Class;;;;;;;;;x;
CHC_destroyer_7;Hu Peng Class;Hu Peng Class;Hu Peng Class;;Hu Peng Class;;;;;;;;;x;
CHC_destroyer_10;Chang Feng Class;Chang Feng Class;Chang Feng Class;;Chang Feng Class;;;;;;;;;x;
CHC_protected_cruiser_0;Hai Ching Class;Hai Ching Class;Hai Ching Class;;Hai Ching Class;;;;;;;;;x;
CHC_protected_cruiser_1;Fu Po Class;Fu Po Class;Fu Po Class;;Fu Po Class;;;;;;;;;x;
CHC_protected_cruiser_2;Wei Yuan Class;Wei Yuan Class;Wei Yuan Class;;Wei Yuan Class;;;;;;;;;x;
CHC_protected_cruiser_3;Nan Tan Class;Nan Tan Class;Nan Tan Class;;Nan Tan Class;;;;;;;;;x;
CHC_protected_cruiser_4;Pao Min Class;Pao Min Class;Pao Min Class;;Pao Min Class;;;;;;;;;x;
CHC_protected_cruiser_5;Kai Chi Class;Kai Chi Class;Kai Chi Class;;Kai Chi Class;;;;;;;;;x;
CHC_protected_cruiser_6;Tung Chi Class;Tung Chi Class;Tung Chi Class;;Tung Chi Class;;;;;;;;;x;
CHC_protected_cruiser_7;Hai Yung Class;Hai Yung Class;Hai Yung Class;;Hai Yung Class;;;;;;;;;x;
CHC_protected_cruiser_8;Hai Tien Class;Hai Tien Class;Hai Tien Class;;Hai Tien Class;;;;;;;;;x;
CHL_heavy_cruiser_0;Esmeralda Class;Esmeralda Class;Esmeralda Class;;Esmeralda Class;;;;;;;;;x;
CHL_heavy_cruiser_3;O'Higgins Class;O'Higgins Class;O'Higgins Class;;O'Higgins Class;;;;;;;;;x;
CHL_coastal_submarine_8;H Class;H Class;H Class;;H Class;;;;;;;;;x;
CHL_dreadnaught_6;Almirante Latorre Class;Almirante Latorre Class;Almirante Latorre Class;;Almirante Latorre Class;;;;;;;;;x;
CHL_destroyer_0;Almirante Lynch Class;Almirante Lynch Class;Almirante Lynch Class;;Almirante Lynch Class;;;;;;;;;x;
CHL_destroyer_1;Almirante Simpson Class;Almirante Simpson Class;Almirante Simpson Class;;Almirante Simpson Class;;;;;;;;;x;
CHL_destroyer_2;Capitan Orella Class;Capitan Orella Class;Capitan Orella Class;;Capitan Orella Class;;;;;;;;;x;
CHL_destroyer_3;Capitan Thompson Class;Capitan Thompson Class;Capitan Thompson Class;;Capitan Thompson Class;;;;;;;;;x;
CHL_destroyer_5;Capitan Merino Jarpa Class;Capitan Merino Jarpa Class;Capitan Merino Jarpa Class;;Capitan Merino Jarpa Class;;;;;;;;;x;
CHL_destroyer_10;Almirante Lynch II Class;Almirante Lynch II Class;Almirante Lynch II Class;;Almirante Lynch II Class;;;;;;;;;x;
CHL_destroyer_11;Almirante Williams Class;Almirante Williams Class;Almirante Williams Class;;Almirante Williams Class;;;;;;;;;x;
CHL_battleship_0;Huascar Class;Huascar Class;Huascar Class;;Huascar Class;;;;;;;;;x;
CHL_battleship_1;Almirante Cochrane Class;Almirante Cochrane Class;Almirante Cochrane Class;;Almirante Cochrane Class;;;;;;;;;x;
CHL_battleship_4;Capitan Prat Class;Capitan Prat Class;Capitan Prat Class;;Capitan Prat Class;;;;;;;;;x;
CHL_protected_cruiser_0;Presidente Errauriz Class;Presidente Errauriz Class;Presidente Errauriz Class;;Presidente Errauriz Class;;;;;;;;;x;
CHL_protected_cruiser_1;Blanco Encalada Class;Blanco Encalada Class;Blanco Encalada Class;;Blanco Encalada Class;;;;;;;;;x;
CHL_protected_cruiser_2;Ministro Zenteno Class;Ministro Zenteno Class;Ministro Zenteno Class;;Ministro Zenteno Class;;;;;;;;;x;
CHL_protected_cruiser_3;Chacabuco Class;Chacabuco Class;Chacabuco Class;;Chacabuco Class;;;;;;;;;x;
COL_protected_cruiser_5;El Bashir Class;El Bashir Class;El Bashir Class;;El Bashir Class;;;;;;;;;x;
DEN_coastal_submarine_4;Dykkeren Class;Dykkeren Class;Dykkeren Class;;Dykkeren Class;;;;;;;;;x;
DEN_coastal_submarine_5;Havmanden Class;Havmanden Class;Havmanden Class;;Havmanden Class;;;;;;;;;x;
DEN_coastal_submarine_6;Ægir Class;Ægir Class;Ægir Class;;Ægir Class;;;;;;;;;x;
DEN_coastal_submarine_8;Rota Class;Rota Class;Rota Class;;Rota Class;;;;;;;;;x;
DEN_battleship_0;Lindormen Class;Lindormen Class;Lindormen Class;;Lindormen Class;;;;;;;;;x;
DEN_battleship_1;Odin Class;Odin Class;Odin Class;;Odin Class;;;;;;;;;x;
DEN_battleship_2;Gorm Class;Gorm Class;Gorm Class;;Gorm Class;;;;;;;;;x;
DEN_battleship_3;Helgoland Class;Helgoland Class;Helgoland Class;;Helgoland Class;;;;;;;;;x;
DEN_battleship_4;Tordenskjold Class;Tordenskjold Class;Tordenskjold Class;;Tordenskjold Class;;;;;;;;;x;
DEN_battleship_5;Iver Hvitfeldt Class;Iver Hvitfeldt Class;Iver Hvitfeldt Class;;Iver Hvitfeldt Class;;;;;;;;;x;
DEN_battleship_7;Skjold Class;Skjold Class;Skjold Class;;Skjold Class;;;;;;;;;x;
DEN_battleship_9;Herluf Trolle Class;Herluf Trolle Class;Herluf Trolle Class;;Herluf Trolle Class;;;;;;;;;x;
DEN_battleship_12;Niels Iuel Class;Niels Iuel Class;Niels Iuel Class;;Niels Iuel Class;;;;;;;;;x;
DEN_protected_cruiser_0;Fyen Class;Fyen Class;Fyen Class;;Fyen Class;;;;;;;;;x;
DEN_protected_cruiser_1;Valkyrien Class;Valkyrien Class;Valkyrien Class;;Valkyrien Class;;;;;;;;;x;
DEN_protected_cruiser_2;Hekla Class;Hekla Class;Hekla Class;;Hekla Class;;;;;;;;;x;
ENG_heavy_cruiser_0;Blake Class;Blake Class;Blake Class;;Blake Class;;;;;;;;;x;
ENG_heavy_cruiser_1;Edgar Class;Edgar Class;Edgar Class;;Edgar Class;;;;;;;;;x;
ENG_heavy_cruiser_2;Powerful Class;Powerful Class;Powerful Class;;Powerful Class;;;;;;;;;x;
ENG_heavy_cruiser_3;Diadem Class;Diadem Class;Diadem Class;;Diadem Class;;;;;;;;;x;
ENG_heavy_cruiser_4;Cressy Class;Cressy Class;Cressy Class;;Cressy Class;;;;;;;;;x;
ENG_heavy_cruiser_5;Drake Class;Drake Class;Drake Class;;Drake Class;;;;;;;;;x;
ENG_heavy_cruiser_6;Devonshire Class;Devonshire Class;Devonshire Class;;Devonshire Class;;;;;;;;;x;
ENG_heavy_cruiser_7;Duke of Edinburgh Class;Duke of Edinburgh Class;Duke of Edinburgh Class;;Duke of Edinburgh Class;;;;;;;;;x;
ENG_heavy_cruiser_8;Warrior Class;Warrior Class;Warrior Class;;Warrior Class;;;;;;;;;x;
ENG_heavy_cruiser_9;Minotaur Class;Minotaur Class;Minotaur Class;;Minotaur Class;;;;;;;;;x;
ENG_battlecruiser_0;Invincible Class;Invincible Class;Invincible Class;;Invincible Class;;;;;;;;;x;
ENG_battlecruiser_1;Indefatigable Class;Indefatigable Class;Indefatigable Class;;Indefatigable Class;;;;;;;;;x;
ENG_battlecruiser_2;Queen Mary Class;Queen Mary Class;Queen Mary Class;;Queen Mary Class;;;;;;;;;x;
ENG_battlecruiser_3;Renown Class;Renown Class;Renown Class;;Renown Class;;;;;;;;;x;
ENG_battlecruiser_4;Courageous Class;Courageous Class;Courageous Class;;Courageous Class;;;;;;;;;x;
ENG_battlecruiser_5;Hood Class;Hood Class;Hood Class;;Hood Class;;;;;;;;;x;
ENG_light_cruiser_0;Adventure Class;Adventure Class;Adventure Class;;Adventure Class;;;;;;;;;x;
ENG_light_cruiser_1;Boadicea Class;Boadicea Class;Boadicea Class;;Boadicea Class;;;;;;;;;x;
ENG_light_cruiser_2;Weymouth Class;Weymouth Class;Weymouth Class;;Weymouth Class;;;;;;;;;x;
ENG_light_cruiser_3;Birmingham Class;Birmingham Class;Birmingham Class;;Birmingham Class;;;;;;;;;x;
ENG_light_cruiser_4;Calliope Class;Calliope Class;Calliope Class;;Calliope Class;;;;;;;;;x;
ENG_light_cruiser_5;Caledon Class;Caledon Class;Caledon Class;;Caledon Class;;;;;;;;;x;
ENG_light_cruiser_6;Ceres Class;Ceres Class;Ceres Class;;Ceres Class;;;;;;;;;x;
ENG_light_cruiser_7;Capetown Class;Capetown Class;Capetown Class;;Capetown Class;;;;;;;;;x;
ENG_light_cruiser_8;Danae Class;Danae Class;Danae Class;;Danae Class;;;;;;;;;x;
ENG_light_cruiser_9;Emerald Class;Emerald Class;Emerald Class;;Emerald Class;;;;;;;;;x;
ENG_coastal_submarine_0;Holland Class;Holland Class;Holland Class;;Holland Class;;;;;;;;;x;
ENG_coastal_submarine_1;A Class;A Class;A Class;;A Class;;;;;;;;;x;
ENG_coastal_submarine_2;B Class;B Class;B Class;;B Class;;;;;;;;;x;
ENG_coastal_submarine_3;C Class;C Class;C Class;;C Class;;;;;;;;;x;
ENG_coastal_submarine_5;S Class;S Class;S Class;;S Class;;;;;;;;;x;
ENG_coastal_submarine_6;W Class;W Class;W Class;;W Class;;;;;;;;;x;
ENG_coastal_submarine_7;H Class;H Class;H Class;;H Class;;;;;;;;;x;
ENG_coastal_submarine_8;Improved H Class;Improved H Class;Improved H Class;;Improved H Class;;;;;;;;;x;
ENG_coastal_submarine_9;R Class;R Class;R Class;;R Class;;;;;;;;;x;
ENG_carrier_0;Ark Royal Class;Ark Royal Class;Ark Royal Class;;Ark Royal Class;;;;;;;;;x;
ENG_carrier_1;Eagle Class;Eagle Class;Eagle Class;;Eagle Class;;;;;;;;;x;
ENG_carrier_2;Hermes Class;Hermes Class;Hermes Class;;Hermes Class;;;;;;;;;x;
ENG_dreadnaught_0;Dreadnought Class;Dreadnought Class;Dreadnought Class;;Dreadnought Class;;;;;;;;;x;
ENG_dreadnaught_1;Bellerophon Class;Bellerophon Class;Bellerophon Class;;Bellerophon Class;;;;;;;;;x;
ENG_dreadnaught_2;Neptune Class;Neptune Class;Neptune Class;;Neptune Class;;;;;;;;;x;
ENG_dreadnaught_3;Orion Class;Orion Class;Orion Class;;Orion Class;;;;;;;;;x;
ENG_dreadnaught_4;Iron Duke Class;Iron Duke Class;Iron Duke Class;;Iron Duke Class;;;;;;;;;x;
ENG_dreadnaught_5;Queen Elizabeth Class;Queen Elizabeth Class;Queen Elizabeth Class;;Queen Elizabeth Class;;;;;;;;;x;
ENG_dreadnaught_6;Revenge Class;Revenge Class;Revenge Class;;Revenge Class;;;;;;;;;x;
ENG_destroyer_1;A Class;A Class;A Class;;A Class;;;;;;;;;x;
ENG_destroyer_2;B Class;B Class;B Class;;B Class;;;;;;;;;x;
ENG_destroyer_3;C Class;C Class;C Class;;C Class;;;;;;;;;x;
ENG_destroyer_4;D Class;D Class;D Class;;D Class;;;;;;;;;x;
ENG_destroyer_6;River Class;River Class;River Class;;River Class;;;;;;;;;x;
ENG_destroyer_7;Tribal Class;Tribal Class;Tribal Class;;Tribal Class;;;;;;;;;x;
ENG_destroyer_8;Swift Class;Swift Class;Swift Class;;Swift Class;;;;;;;;;x;
ENG_destroyer_9;Beagle Class;Beagle Class;Beagle Class;;Beagle Class;;;;;;;;;x;
ENG_destroyer_10;Acasta Class;Acasta Class;Acasta Class;;Acasta Class;;;;;;;;;x;
ENG_destroyer_11;Laforey Class;Laforey Class;Laforey Class;;Laforey Class;;;;;;;;;x;
ENG_destroyer_12;R Class;R Class;R Class;;R Class;;;;;;;;;x;
ENG_destroyer_13;S Class;S Class;S Class;;S Class;;;;;;;;;x;
ENG_destroyer_14;V-W Class;V-W Class;V-W Class;;V-W Class;;;;;;;;;x;
ENG_destroyer_15;Scott Class;Scott Class;Scott Class;;Scott Class;;;;;;;;;x;
ENG_destroyer_16;Shakespeare Class;Shakespeare Class;Shakespeare Class;;Shakespeare Class;;;;;;;;;x;
ENG_longrange_submarine_0;Nautilus Class;Nautilus Class;Nautilus Class;;Nautilus Class;;;;;;;;;x;
ENG_longrange_submarine_1;Swordfish Class;Swordfish Class;Swordfish Class;;Swordfish Class;;;;;;;;;x;
ENG_longrange_submarine_2;J Class;J Class;J Class;;J Class;;;;;;;;;x;
ENG_battleship_0;Colossus Class;Colossus Class;Colossus Class;;Colossus Class;;;;;;;;;x;
ENG_battleship_1;Conqueror Class;Conqueror Class;Conqueror Class;;Conqueror Class;;;;;;;;;x;
ENG_battleship_2;Admiral Class;Admiral Class;Admiral Class;;Admiral Class;;;;;;;;;x;
ENG_battleship_3;Trafalgar Class;Trafalgar Class;Trafalgar Class;;Trafalgar Class;;;;;;;;;x;
ENG_battleship_4;Victoria Class;Victoria Class;Victoria Class;;Victoria Class;;;;;;;;;x;
ENG_battleship_5;Royal Sovereign Class;Royal Sovereign Class;Royal Sovereign Class;;Royal Sovereign Class;;;;;;;;;x;
ENG_battleship_6;Majestic Class;Majestic Class;Majestic Class;;Majestic Class;;;;;;;;;x;
ENG_battleship_7;Renown Class;Renown Class;Renown Class;;Renown Class;;;;;;;;;x;
ENG_battleship_8;Canopus Class;Canopus Class;Canopus Class;;Canopus Class;;;;;;;;;x;
ENG_battleship_9;London Class;London Class;London Class;;London Class;;;;;;;;;x;
ENG_battleship_10;Duncan Class;Duncan Class;Duncan Class;;Duncan Class;;;;;;;;;x;
ENG_battleship_11;King Edward VII Class;King Edward VII Class;King Edward VII Class;;King Edward VII Class;;;;;;;;;x;
ENG_battleship_12;Lord Nelson Class;Lord Nelson Class;Lord Nelson Class;;Lord Nelson Class;;;;;;;;;x;
ENG_protected_cruiser_0;Barham Class;Barham Class;Barham Class;;Barham Class;;;;;;;;;x;
ENG_protected_cruiser_1;Pearl Class;Pearl Class;Pearl Class;;Pearl Class;;;;;;;;;x;
ENG_protected_cruiser_2;Apollo Class;Apollo Class;Apollo Class;;Apollo Class;;;;;;;;;x;
ENG_protected_cruiser_3;Astraea Class;Astraea Class;Astraea Class;;Astraea Class;;;;;;;;;x;
ENG_protected_cruiser_4;Eclipse Class;Eclipse Class;Eclipse Class;;Eclipse Class;;;;;;;;;x;
ENG_protected_cruiser_5;Arrogant Class;Arrogant Class;Arrogant Class;;Arrogant Class;;;;;;;;;x;
ENG_protected_cruiser_6;Pelorus Class;Pelorus Class;Pelorus Class;;Pelorus Class;;;;;;;;;x;
ENG_protected_cruiser_7;Hermes Class;Hermes Class;Hermes Class;;Hermes Class;;;;;;;;;x;
ENG_protected_cruiser_8;Gem Class;Gem Class;Gem Class;;Gem Class;;;;;;;;;x;
ENG_escort_carrier_0;Campania Class;Campania Class;Campania Class;;Campania Class;;;;;;;;;x;
ENG_submarine_0;D Class;D Class;D Class;;D Class;;;;;;;;;x;
ENG_submarine_1;E Class;E Class;E Class;;E Class;;;;;;;;;x;
ENG_submarine_2;V Class;V Class;V Class;;V Class;;;;;;;;;x;
ENG_submarine_3;F Class;F Class;F Class;;F Class;;;;;;;;;x;
ENG_submarine_4;M Class;M Class;M Class;;M Class;;;;;;;;;x;
ENG_submarine_5;L Class;L Class;L Class;;L Class;;;;;;;;;x;
ENG_submarine_6;L-9 Class;L-9 Class;L-9 Class;;L-9 Class;;;;;;;;;x;
ENG_submarine_7;L-50 Class;L-50 Class;L-50 Class;;L-50 Class;;;;;;;;;x;
EST_destroyer_12;Novik Class;Novik Class;Novik Class;;Novik Class;;;;;;;;;x;
FRA_heavy_cruiser_0;Dupuy de Lôme Class;Dupuy de Lôme Class;Dupuy de Lôme Class;;Dupuy de Lôme Class;;;;;;;;;x;
FRA_heavy_cruiser_1;Amiral Charner Class;Amiral Charner Class;Amiral Charner Class;;Amiral Charner Class;;;;;;;;;x;
FRA_heavy_cruiser_2;Pothuau Class;Pothuau Class;Pothuau Class;;Pothuau Class;;;;;;;;;x;
FRA_heavy_cruiser_3;Jeanne D'Arc Class;Jeanne D'Arc Class;Jeanne D'Arc Class;;Jeanne D'Arc Class;;;;;;;;;x;
FRA_heavy_cruiser_4;Gueydon Class;Gueydon Class;Gueydon Class;;Gueydon Class;;;;;;;;;x;
FRA_heavy_cruiser_5;Dupleix Class;Dupleix Class;Dupleix Class;;Dupleix Class;;;;;;;;;x;
FRA_heavy_cruiser_6;Léon Gambetta Class;Léon Gambetta Class;Léon Gambetta Class;;Léon Gambetta Class;;;;;;;;;x;
FRA_heavy_cruiser_7;Jules Michelet Class;Jules Michelet Class;Jules Michelet Class;;Jules Michelet Class;;;;;;;;;x;
FRA_heavy_cruiser_8;Ernest Renan Class;Ernest Renan Class;Ernest Renan Class;;Ernest Renan Class;;;;;;;;;x;
FRA_heavy_cruiser_9;Edgar Quinet Class;Edgar Quinet Class;Edgar Quinet Class;;Edgar Quinet Class;;;;;;;;;x;
FRA_coastal_submarine_0;Sirene Class;Sirene Class;Sirene Class;;Sirene Class;;;;;;;;;x;
FRA_coastal_submarine_1;Naiade Class;Naiade Class;Naiade Class;;Naiade Class;;;;;;;;;x;
FRA_coastal_submarine_2;X Class;X Class;X Class;;X Class;;;;;;;;;x;
FRA_coastal_submarine_3;Y Class;Y Class;Y Class;;Y Class;;;;;;;;;x;
FRA_dreadnaught_3;Courbet Class;Courbet Class;Courbet Class;;Courbet Class;;;;;;;;;x;
FRA_dreadnaught_4;Bretange Class;Bretange Class;Bretange Class;;Bretange Class;;;;;;;;;x;
FRA_destroyer_2;Durandal Class;Durandal Class;Durandal Class;;Durandal Class;;;;;;;;;x;
FRA_destroyer_3;Framee Class;Framee Class;Framee Class;;Framee Class;;;;;;;;;x;
FRA_destroyer_4;Pertuisane Class;Pertuisane Class;Pertuisane Class;;Pertuisane Class;;;;;;;;;x;
FRA_destroyer_5;Arquebuse Class;Arquebuse Class;Arquebuse Class;;Arquebuse Class;;;;;;;;;x;
FRA_destroyer_6;Claymore Class;Claymore Class;Claymore Class;;Claymore Class;;;;;;;;;x;
FRA_destroyer_7;Branlebas Class;Branlebas Class;Branlebas Class;;Branlebas Class;;;;;;;;;x;
FRA_destroyer_8;Spahi Class;Spahi Class;Spahi Class;;Spahi Class;;;;;;;;;x;
FRA_destroyer_9;Chasseur Class;Chasseur Class;Chasseur Class;;Chasseur Class;;;;;;;;;x;
FRA_destroyer_10;Bisson Class;Bisson Class;Bisson Class;;Bisson Class;;;;;;;;;x;
FRA_destroyer_11;Enseigne Roux Class;Enseigne Roux Class;Enseigne Roux Class;;Enseigne Roux Class;;;;;;;;;x;
FRA_destroyer_12;Aetos Class;Aetos Class;Aetos Class;;Aetos Class;;;;;;;;;x;
FRA_destroyer_13;Arabe Class;Arabe Class;Arabe Class;;Arabe Class;;;;;;;;;x;
FRA_destroyer_14;Dukla Class;Dukla Class;Dukla Class;;Dukla Class;;;;;;;;;x;
FRA_destroyer_15;Ensiegne Gabolde Class;Ensiegne Gabolde Class;Ensiegne Gabolde Class;;Ensiegne Gabolde Class;;;;;;;;;x;
FRA_battleship_0;Courbet Class;Courbet Class;Courbet Class;;Courbet Class;;;;;;;;;x;
FRA_battleship_1;Furieux Class;Furieux Class;Furieux Class;;Furieux Class;;;;;;;;;x;
FRA_battleship_2;Achéron Class;Achéron Class;Achéron Class;;Achéron Class;;;;;;;;;x;
FRA_battleship_3;Hoche Class;Hoche Class;Hoche Class;;Hoche Class;;;;;;;;;x;
FRA_battleship_4;Marceau Class;Marceau Class;Marceau Class;;Marceau Class;;;;;;;;;x;
FRA_battleship_5;Jemmapes Class;Jemmapes Class;Jemmapes Class;;Jemmapes Class;;;;;;;;;x;
FRA_battleship_6;Bouvines Class;Bouvines Class;Bouvines Class;;Bouvines Class;;;;;;;;;x;
FRA_battleship_7;Charles Martel Class;Charles Martel Class;Charles Martel Class;;Charles Martel Class;;;;;;;;;x;
FRA_battleship_8;Masséna Class;Masséna Class;Masséna Class;;Masséna Class;;;;;;;;;x;
FRA_battleship_9;Iéna Class;Iéna Class;Iéna Class;;Iéna Class;;;;;;;;;x;
FRA_battleship_10;Henri IV Class;Henri IV Class;Henri IV Class;;Henri IV Class;;;;;;;;;x;
FRA_battleship_11;République Class;République Class;République Class;;République Class;;;;;;;;;x;
FRA_battleship_12;Danton Class;Danton Class;Danton Class;;Danton Class;;;;;;;;;x;
FRA_protected_cruiser_0;Condor Class;Condor Class;Condor Class;;Condor Class;;;;;;;;;x;
FRA_protected_cruiser_1;Amiral Cécille Class;Amiral Cécille Class;Amiral Cécille Class;;Amiral Cécille Class;;;;;;;;;x;
FRA_protected_cruiser_2;Davout Class;Davout Class;Davout Class;;Davout Class;;;;;;;;;x;
FRA_protected_cruiser_3;Wattignies Class;Wattignies Class;Wattignies Class;;Wattignies Class;;;;;;;;;x;
FRA_protected_cruiser_4;Lévrier Class;Lévrier Class;Lévrier Class;;Lévrier Class;;;;;;;;;x;
FRA_protected_cruiser_5;Casabianca Class;Casabianca Class;Casabianca Class;;Casabianca Class;;;;;;;;;x;
FRA_protected_cruiser_6;D'Assas Class;D'Assas Class;D'Assas Class;;D'Assas Class;;;;;;;;;x;
FRA_protected_cruiser_7;Dunois Class;Dunois Class;Dunois Class;;Dunois Class;;;;;;;;;x;
FRA_protected_cruiser_8;Jurien De La Gravière Class;Jurien De La Gravière Class;Jurien De La Gravière Class;;Jurien De La Gravière Class;;;;;;;;;x;
FRA_escort_carrier_0;Foudre Class;Foudre Class;Foudre Class;;Foudre Class;;;;;;;;;x;
FRA_escort_carrier_1;Rouen Class;Rouen Class;Rouen Class;;Rouen Class;;;;;;;;;x;
FRA_submarine_0;Archimede Class;Archimede Class;Archimede Class;;Archimede Class;;;;;;;;;x;
FRA_submarine_1;Brumaire Class;Brumaire Class;Brumaire Class;;Brumaire Class;;;;;;;;;x;
FRA_submarine_2;Clorinde Class;Clorinde Class;Clorinde Class;;Clorinde Class;;;;;;;;;x;
FRA_submarine_3;Dupuy De Lome Class;Dupuy De Lome Class;Dupuy De Lome Class;;Dupuy De Lome Class;;;;;;;;;x;
FRA_submarine_4;Joessel Class;Joessel Class;Joessel Class;;Joessel Class;;;;;;;;;x;
FRA_submarine_5;O'Byrne Class;O'Byrne Class;O'Byrne Class;;O'Byrne Class;;;;;;;;;x;
FRA_submarine_6;Maurice Callot Class;Maurice Callot Class;Maurice Callot Class;;Maurice Callot Class;;;;;;;;;x;
FRA_submarine_7;Pierre Chailley Class;Pierre Chailley Class;Pierre Chailley Class;;Pierre Chailley Class;;;;;;;;;x;
GER_heavy_cruiser_0;Kaiserin Augusta Class;Kaiserin Augusta Class;Kaiserin Augusta Class;;Kaiserin Augusta Class;;;;;;;;;x;
GER_heavy_cruiser_2;Victoria Luise Class;Victoria Luise Class;Victoria Luise Class;;Victoria Luise Class;;;;;;;;;x;
GER_heavy_cruiser_3;Fürst Bismarck Class;Fürst Bismarck Class;Fürst Bismarck Class;;Fürst Bismarck Class;;;;;;;;;x;
GER_heavy_cruiser_4;Prinz Heinrich Class;Prinz Heinrich Class;Prinz Heinrich Class;;Prinz Heinrich Class;;;;;;;;;x;
GER_heavy_cruiser_5;Prinz Adalbert Class;Prinz Adalbert Class;Prinz Adalbert Class;;Prinz Adalbert Class;;;;;;;;;x;
GER_heavy_cruiser_7;Roon Class;Roon Class;Roon Class;;Roon Class;;;;;;;;;x;
GER_heavy_cruiser_8;Scharnhorst Class;Scharnhorst Class;Scharnhorst Class;;Scharnhorst Class;;;;;;;;;x;
GER_heavy_cruiser_9;Blücher Class;Blücher Class;Blücher Class;;Blücher Class;;;;;;;;;x;
GER_battlecruiser_0;Von der Tann Class;Von der Tann Class;Von der Tann Class;;Von der Tann Class;;;;;;;;;x;
GER_battlecruiser_1;Moltke Class;Moltke Class;Moltke Class;;Moltke Class;;;;;;;;;x;
GER_battlecruiser_2;Seydlitz Class;Seydlitz Class;Seydlitz Class;;Seydlitz Class;;;;;;;;;x;
GER_battlecruiser_3;Derfflinger Class;Derfflinger Class;Derfflinger Class;;Derfflinger Class;;;;;;;;;x;
GER_battlecruiser_4;Hindenburg Class;Hindenburg Class;Hindenburg Class;;Hindenburg Class;;;;;;;;;x;
GER_battlecruiser_5;Mackensen Class;Mackensen Class;Mackensen Class;;Mackensen Class;;;;;;;;;x;
GER_light_cruiser_0;Dresden Class;Dresden Class;Dresden Class;;Dresden Class;;;;;;;;;x;
GER_light_cruiser_1;Kolberg Class;Kolberg Class;Kolberg Class;;Kolberg Class;;;;;;;;;x;
GER_light_cruiser_2;Magdeburg Class;Magdeburg Class;Magdeburg Class;;Magdeburg Class;;;;;;;;;x;
GER_light_cruiser_3;Karlsruhe Class;Karlsruhe Class;Karlsruhe Class;;Karlsruhe Class;;;;;;;;;x;
GER_light_cruiser_4;Wiesbaden Class;Wiesbaden Class;Wiesbaden Class;;Wiesbaden Class;;;;;;;;;x;
GER_light_cruiser_5;Königsberg II Class;Königsberg II Class;Königsberg II Class;;Königsberg II Class;;;;;;;;;x;
GER_light_cruiser_6;Cöln Class;Cöln Class;Cöln Class;;Cöln Class;;;;;;;;;x;
GER_coastal_submarine_2;U1 Class;U1 Class;U1 Class;;U1 Class;;;;;;;;;x;
GER_coastal_submarine_3;U2 Class;U2 Class;U2 Class;;U2 Class;;;;;;;;;x;
GER_coastal_submarine_4;U3 Class;U3 Class;U3 Class;;U3 Class;;;;;;;;;x;
GER_coastal_submarine_5;U13 Class;U13 Class;U13 Class;;U13 Class;;;;;;;;;x;
GER_coastal_submarine_6;U16 Class;U16 Class;U16 Class;;U16 Class;;;;;;;;;x;
GER_coastal_submarine_7;UB1 Class;UB1 Class;UB1 Class;;UB1 Class;;;;;;;;;x;
GER_coastal_submarine_8;UC1 Class;UC1 Class;UC1 Class;;UC1 Class;;;;;;;;;x;
GER_dreadnaught_0;Nassau Class;Nassau Class;Nassau Class;;Nassau Class;;;;;;;;;x;
GER_dreadnaught_1;Helgoland Class;Helgoland Class;Helgoland Class;;Helgoland Class;;;;;;;;;x;
GER_dreadnaught_2;Kaiser Class;Kaiser Class;Kaiser Class;;Kaiser Class;;;;;;;;;x;
GER_dreadnaught_3;König Class;König Class;König Class;;König Class;;;;;;;;;x;
GER_dreadnaught_4;Bayern Class;Bayern Class;Bayern Class;;Bayern Class;;;;;;;;;x;
GER_destroyer_1;D9 Class;D9 Class;D9 Class;;D9 Class;;;;;;;;;x;
GER_destroyer_3;D10 Class;D10 Class;D10 Class;;D10 Class;;;;;;;;;x;
GER_destroyer_4;S90 Class;S90 Class;S90 Class;;S90 Class;;;;;;;;;x;
GER_destroyer_5;G108 Class;G108 Class;G108 Class;;G108 Class;;;;;;;;;x;
GER_destroyer_6;S114 Class;S114 Class;S114 Class;;S114 Class;;;;;;;;;x;
GER_destroyer_7;S126 Class;S126 Class;S126 Class;;S126 Class;;;;;;;;;x;
GER_destroyer_8;G137 Class;G137 Class;G137 Class;;G137 Class;;;;;;;;;x;
GER_destroyer_9;V162 Class;V162 Class;V162 Class;;V162 Class;;;;;;;;;x;
GER_destroyer_10;V1 Class;V1 Class;V1 Class;;V1 Class;;;;;;;;;x;
GER_destroyer_11;V25 Class;V25 Class;V25 Class;;V25 Class;;;;;;;;;x;
GER_destroyer_12;S49 Class;S49 Class;S49 Class;;S49 Class;;;;;;;;;x;
GER_destroyer_13;V116 Class;V116 Class;V116 Class;;V116 Class;;;;;;;;;x;
GER_destroyer_14;S131 Class;S131 Class;S131 Class;;S131 Class;;;;;;;;;x;
GER_battleship_0;Kaiser Class;Kaiser Class;Kaiser Class;;Kaiser Class;;;;;;;;;x;
GER_battleship_1;Sachsen Class;Sachsen Class;Sachsen Class;;Sachsen Class;;;;;;;;;x;
GER_battleship_2;Oldenburg Class;Oldenburg Class;Oldenburg Class;;Oldenburg Class;;;;;;;;;x;
GER_battleship_4;Siegfried Class;Siegfried Class;Siegfried Class;;Siegfried Class;;;;;;;;;x;
GER_battleship_5;Brandenburg Class;Brandenburg Class;Brandenburg Class;;Brandenburg Class;;;;;;;;;x;
GER_battleship_7;Kaiser Friedrich III Class;Kaiser Friedrich III Class;Kaiser Friedrich III Class;;Kaiser Friedrich III Class;;;;;;;;;x;
GER_battleship_9;Wittelsbach Class;Wittelsbach Class;Wittelsbach Class;;Wittelsbach Class;;;;;;;;;x;
GER_battleship_10;Braunschweig Class;Braunschweig Class;Braunschweig Class;;Braunschweig Class;;;;;;;;;x;
GER_battleship_12;Deutschland Class;Deutschland Class;Deutschland Class;;Deutschland Class;;;;;;;;;x;
GER_protected_cruiser_0;Irene Class;Irene Class;Irene Class;;Irene Class;;;;;;;;;x;
GER_protected_cruiser_1;Bussard Class;Bussard Class;Bussard Class;;Bussard Class;;;;;;;;;x;
GER_protected_cruiser_2;Hela Class;Hela Class;Hela Class;;Hela Class;;;;;;;;;x;
GER_submarine_0;U17 Class;U17 Class;U17 Class;;U17 Class;;;;;;;;;x;
GER_submarine_1;U19 Class;U19 Class;U19 Class;;U19 Class;;;;;;;;;x;
GER_submarine_2;U23 Class;U23 Class;U23 Class;;U23 Class;;;;;;;;;x;
GER_submarine_3;U51 Class;U51 Class;U51 Class;;U51 Class;;;;;;;;;x;
GER_submarine_4;U117 Class;U117 Class;U117 Class;;U117 Class;;;;;;;;;x;
GER_submarine_5;U139 Class;U139 Class;U139 Class;;U139 Class;;;;;;;;;x;
GRE_heavy_cruiser_0;Baseleos Georgios Class;Baseleos Georgios Class;Baseleos Georgios Class;;Baseleos Georgios Class;;;;;;;;;x;
GRE_heavy_cruiser_1;Basilissa Olga Class;Basilissa Olga Class;Basilissa Olga Class;;Basilissa Olga Class;;;;;;;;;x;
GRE_heavy_cruiser_2;Hydra Class;Hydra Class;Hydra Class;;Hydra Class;;;;;;;;;x;
GRE_heavy_cruiser_8;Pisa Class;Pisa Class;Pisa Class;;Pisa Class;;;;;;;;;x;
GRE_light_cruiser_3;Chao Ho Class;Chao Ho Class;Chao Ho Class;;Chao Ho Class;;;;;;;;;x;
GRE_coastal_submarine_5;Delfin Class;Delfin Class;Delfin Class;;Delfin Class;;;;;;;;;x;
GRE_destroyer_6;Niki Class;Niki Class;Niki Class;;Niki Class;;;;;;;;;x;
GRE_destroyer_7;Thyella Class;Thyella Class;Thyella Class;;Thyella Class;;;;;;;;;x;
GRE_destroyer_10;Aetos Class;Aetos Class;Aetos Class;;Aetos Class;;;;;;;;;x;
GRE_battleship_12;Mississippi Class;Mississippi Class;Mississippi Class;;Mississippi Class;;;;;;;;;x;
GRE_protected_cruiser_0;Hellas Class;Hellas Class;Hellas Class;;Hellas Class;;;;;;;;;x;
GRE_protected_cruiser_1;Navarchos Miaoulis Class;Navarchos Miaoulis Class;Navarchos Miaoulis Class;;Navarchos Miaoulis Class;;;;;;;;;x;
HOL_light_cruiser_9;Sumatra Class;Sumatra Class;Sumatra Class;;Sumatra Class;;;;;;;;;x;
HOL_coastal_submarine_2;O1 Class;O1 Class;O1 Class;;O1 Class;;;;;;;;;x;
HOL_coastal_submarine_5;O2 Class;O2 Class;O2 Class;;O2 Class;;;;;;;;;x;
HOL_coastal_submarine_7;O6 Class;O6 Class;O6 Class;;O6 Class;;;;;;;;;x;
HOL_destroyer_9;Fret Class;Fret Class;Fret Class;;Fret Class;;;;;;;;;x;
HOL_battleship_5;Reinier Claeszen Class;Reinier Claeszen Class;Reinier Claeszen Class;;Reinier Claeszen Class;;;;;;;;;x;
HOL_battleship_6;Evertsen Class;Evertsen Class;Evertsen Class;;Evertsen Class;;;;;;;;;x;
HOL_battleship_9;Koningin Regentes Class;Koningin Regentes Class;Koningin Regentes Class;;Koningin Regentes Class;;;;;;;;;x;
HOL_battleship_12;De Zeven Provincien Class;De Zeven Provincien Class;De Zeven Provincien Class;;De Zeven Provincien Class;;;;;;;;;x;
HOL_protected_cruiser_0;Sumatra Class;Sumatra Class;Sumatra Class;;Sumatra Class;;;;;;;;;x;
HOL_protected_cruiser_1;Koningin Wilhemina Class;Koningin Wilhemina Class;Koningin Wilhemina Class;;Koningin Wilhemina Class;;;;;;;;;x;
HOL_protected_cruiser_2;Holland Class;Holland Class;Holland Class;;Holland Class;;;;;;;;;x;
HOL_submarine_2;K1 Class;K1 Class;K1 Class;;K1 Class;;;;;;;;;x;
HOL_submarine_3;K2 Class;K2 Class;K2 Class;;K2 Class;;;;;;;;;x;
HOL_submarine_4;K3 Class;K3 Class;K3 Class;;K3 Class;;;;;;;;;x;
HOL_submarine_5;K5 Class;K5 Class;K5 Class;;K5 Class;;;;;;;;;x;
HOL_submarine_6;K8 Class;K8 Class;K8 Class;;K8 Class;;;;;;;;;x;
ITA_heavy_cruiser_0;Marco Polo Class;Marco Polo Class;Marco Polo Class;;Marco Polo Class;;;;;;;;;x;
ITA_heavy_cruiser_1;Vittor Pisani Class;Vittor Pisani Class;Vittor Pisani Class;;Vittor Pisani Class;;;;;;;;;x;
ITA_heavy_cruiser_2;Garibaldi Class;Garibaldi Class;Garibaldi Class;;Garibaldi Class;;;;;;;;;x;
ITA_heavy_cruiser_8;Pisa Class;Pisa Class;Pisa Class;;Pisa Class;;;;;;;;;x;
ITA_heavy_cruiser_9;San Giorgio Class;San Giorgio Class;San Giorgio Class;;San Giorgio Class;;;;;;;;;x;
ITA_light_cruiser_1;Libia Class;Libia Class;Libia Class;;Libia Class;;;;;;;;;x;
ITA_light_cruiser_2;Quarto Class;Quarto Class;Quarto Class;;Quarto Class;;;;;;;;;x;
ITA_light_cruiser_3;Bixio Class;Bixio Class;Bixio Class;;Bixio Class;;;;;;;;;x;
ITA_light_cruiser_5;Campania Class;Campania Class;Campania Class;;Campania Class;;;;;;;;;x;
ITA_coastal_submarine_0;Delfino Class;Delfino Class;Delfino Class;;Delfino Class;;;;;;;;;x;
ITA_coastal_submarine_2;Glauco Class;Glauco Class;Glauco Class;;Glauco Class;;;;;;;;;x;
ITA_coastal_submarine_3;Foca Class;Foca Class;Foca Class;;Foca Class;;;;;;;;;x;
ITA_coastal_submarine_5;Medusa Class;Medusa Class;Medusa Class;;Medusa Class;;;;;;;;;x;
ITA_coastal_submarine_6;Nautilus Class;Nautilus Class;Nautilus Class;;Nautilus Class;;;;;;;;;x;
ITA_coastal_submarine_7;F Class;F Class;F Class;;F Class;;;;;;;;;x;
ITA_coastal_submarine_8;X Class;X Class;X Class;;X Class;;;;;;;;;x;
ITA_coastal_submarine_9;N Class;N Class;N Class;;N Class;;;;;;;;;x;
ITA_dreadnaught_2;Dante Alighieri Class;Dante Alighieri Class;Dante Alighieri Class;;Dante Alighieri Class;;;;;;;;;x;
ITA_dreadnaught_3;Cavour Class;Cavour Class;Cavour Class;;Cavour Class;;;;;;;;;x;
ITA_dreadnaught_4;Doria Class;Doria Class;Doria Class;;Doria Class;;;;;;;;;x;
ITA_destroyer_3;Fulmine Class;Fulmine Class;Fulmine Class;;Fulmine Class;;;;;;;;;x;
ITA_destroyer_4;Lampo Class;Lampo Class;Lampo Class;;Lampo Class;;;;;;;;;x;
ITA_destroyer_5;Nembo Class;Nembo Class;Nembo Class;;Nembo Class;;;;;;;;;x;
ITA_destroyer_6;Soldati Class;Soldati Class;Soldati Class;;Soldati Class;;;;;;;;;x;
ITA_destroyer_7;Ascaro Class;Ascaro Class;Ascaro Class;;Ascaro Class;;;;;;;;;x;
ITA_destroyer_8;Indomito Class;Indomito Class;Indomito Class;;Indomito Class;;;;;;;;;x;
ITA_destroyer_9;Ardito Class;Ardito Class;Ardito Class;;Ardito Class;;;;;;;;;x;
ITA_destroyer_10;Audace Class;Audace Class;Audace Class;;Audace Class;;;;;;;;;x;
ITA_destroyer_11;Pilo Class;Pilo Class;Pilo Class;;Pilo Class;;;;;;;;;x;
ITA_destroyer_12;La Masa Class;La Masa Class;La Masa Class;;La Masa Class;;;;;;;;;x;
ITA_destroyer_13;Aquila Class;Aquila Class;Aquila Class;;Aquila Class;;;;;;;;;x;
ITA_destroyer_14;Palastro Class;Palastro Class;Palastro Class;;Palastro Class;;;;;;;;;x;
ITA_destroyer_15;Generale Class;Generale Class;Generale Class;;Generale Class;;;;;;;;;x;
ITA_destroyer_16;Leone Class;Leone Class;Leone Class;;Leone Class;;;;;;;;;x;
ITA_longrange_submarine_1;Micca Class;Micca Class;Micca Class;;Micca Class;;;;;;;;;x;
ITA_battleship_0;Duilio Class;Duilio Class;Duilio Class;;Duilio Class;;;;;;;;;x;
ITA_battleship_1;Italia Class;Italia Class;Italia Class;;Italia Class;;;;;;;;;x;
ITA_battleship_2;Ruggiero di Lauria Class;Ruggiero di Lauria Class;Ruggiero di Lauria Class;;Ruggiero di Lauria Class;;;;;;;;;x;
ITA_battleship_3;Re Umberto Class;Re Umberto Class;Re Umberto Class;;Re Umberto Class;;;;;;;;;x;
ITA_battleship_8;Ammiraglio di Saint Bon Class;Ammiraglio di Saint Bon Class;Ammiraglio di Saint Bon Class;;Ammiraglio di Saint Bon Class;;;;;;;;;x;
ITA_battleship_10;Regina Margherita Class;Regina Margherita Class;Regina Margherita Class;;Regina Margherita Class;;;;;;;;;x;
ITA_battleship_12;Regina Elena Class;Regina Elena Class;Regina Elena Class;;Regina Elena Class;;;;;;;;;x;
ITA_protected_cruiser_0;Tripoli Class;Tripoli Class;Tripoli Class;;Tripoli Class;;;;;;;;;x;
ITA_protected_cruiser_1;Goito Class;Goito Class;Goito Class;;Goito Class;;;;;;;;;x;
ITA_protected_cruiser_2;Partenope Class;Partenope Class;Partenope Class;;Partenope Class;;;;;;;;;x;
ITA_protected_cruiser_3;Calabria Class;Calabria Class;Calabria Class;;Calabria Class;;;;;;;;;x;
ITA_protected_cruiser_4;Agortdat Class;Agortdat Class;Agortdat Class;;Agortdat Class;;;;;;;;;x;
ITA_submarine_3;Pacinotti Class;Pacinotti Class;Pacinotti Class;;Pacinotti Class;;;;;;;;;x;
ITA_submarine_4;Provana Class;Provana Class;Provana Class;;Provana Class;;;;;;;;;x;
JAP_heavy_cruiser_0;Chiyoda Class;Chiyoda Class;Chiyoda Class;;Chiyoda Class;;;;;;;;;x;
JAP_heavy_cruiser_1;Asama Class;Asama Class;Asama Class;;Asama Class;;;;;;;;;x;
JAP_heavy_cruiser_2;Yakumo Class;Yakumo Class;Yakumo Class;;Yakumo Class;;;;;;;;;x;
JAP_heavy_cruiser_3;Adzumo Class;Adzumo Class;Adzumo Class;;Adzumo Class;;;;;;;;;x;
JAP_heavy_cruiser_4;Bayan Class;Bayan Class;Bayan Class;;Bayan Class;;;;;;;;;x;
JAP_heavy_cruiser_5;Kasuga Class;Kasuga Class;Kasuga Class;;Kasuga Class;;;;;;;;;x;
JAP_heavy_cruiser_8;Tsukuba Class;Tsukuba Class;Tsukuba Class;;Tsukuba Class;;;;;;;;;x;
JAP_battlecruiser_0;Ibuki Class;Ibuki Class;Ibuki Class;;Ibuki Class;;;;;;;;;x;
JAP_battlecruiser_2;Kongo Class;Kongo Class;Kongo Class;;Kongo Class;;;;;;;;;x;
JAP_light_cruiser_0;Yodo Class;Yodo Class;Yodo Class;;Yodo Class;;;;;;;;;x;
JAP_light_cruiser_1;Tone Class;Tone Class;Tone Class;;Tone Class;;;;;;;;;x;
JAP_light_cruiser_2;Chikuma Class;Chikuma Class;Chikuma Class;;Chikuma Class;;;;;;;;;x;
JAP_light_cruiser_5;Tenryu Class;Tenryu Class;Tenryu Class;;Tenryu Class;;;;;;;;;x;
JAP_light_cruiser_6;Kuma Class;Kuma Class;Kuma Class;;Kuma Class;;;;;;;;;x;
JAP_light_cruiser_7;Nagara Class;Nagara Class;Nagara Class;;Nagara Class;;;;;;;;;x;
JAP_coastal_submarine_0;Holland Class;Holland Class;Holland Class;;Holland Class;;;;;;;;;x;
JAP_coastal_submarine_1;Kaigun-Holland Class;Kaigun-Holland Class;Kaigun-Holland Class;;Kaigun-Holland Class;;;;;;;;;x;
JAP_coastal_submarine_4;Vickers C Class;Vickers C Class;Vickers C Class;;Vickers C Class;;;;;;;;;x;
JAP_carrier_1;Hosho Class;Hosho Class;Hosho Class;;Hosho Class;;;;;;;;;x;
JAP_dreadnaught_2;Settsu Class;Settsu Class;Settsu Class;;Settsu Class;;;;;;;;;x;
JAP_dreadnaught_4;Fuso Class;Fuso Class;Fuso Class;;Fuso Class;;;;;;;;;x;
JAP_dreadnaught_5;Ise Class;Ise Class;Ise Class;;Ise Class;;;;;;;;;x;
JAP_dreadnaught_6;Nagato Class;Nagato Class;Nagato Class;;Nagato Class;;;;;;;;;x;
JAP_destroyer_2;Ikazuchi Class;Ikazuchi Class;Ikazuchi Class;;Ikazuchi Class;;;;;;;;;x;
JAP_destroyer_3;Murakumo Class;Murakumo Class;Murakumo Class;;Murakumo Class;;;;;;;;;x;
JAP_destroyer_4;Akatsuki Class;Akatsuki Class;Akatsuki Class;;Akatsuki Class;;;;;;;;;x;
JAP_destroyer_5;Puiliki Class;Puiliki Class;Puiliki Class;;Puiliki Class;;;;;;;;;x;
JAP_destroyer_6;Boiki Class;Boiki Class;Boiki Class;;Boiki Class;;;;;;;;;x;
JAP_destroyer_7;Asakaze Class;Asakaze Class;Asakaze Class;;Asakaze Class;;;;;;;;;x;
JAP_destroyer_9;Umikaze Class;Umikaze Class;Umikaze Class;;Umikaze Class;;;;;;;;;x;
JAP_destroyer_10;Sakura Class;Sakura Class;Sakura Class;;Sakura Class;;;;;;;;;x;
JAP_destroyer_11;Kaba Class;Kaba Class;Kaba Class;;Kaba Class;;;;;;;;;x;
JAP_destroyer_12;Momo Class;Momo Class;Momo Class;;Momo Class;;;;;;;;;x;
JAP_destroyer_13;Enoki Class;Enoki Class;Enoki Class;;Enoki Class;;;;;;;;;x;
JAP_destroyer_14;Minekaze Class;Minekaze Class;Minekaze Class;;Minekaze Class;;;;;;;;;x;
JAP_destroyer_15;Wakatake Class;Wakatake Class;Wakatake Class;;Wakatake Class;;;;;;;;;x;
JAP_destroyer_16;Kamikaze Class;Kamikaze Class;Kamikaze Class;;Kamikaze Class;;;;;;;;;x;
JAP_longrange_submarine_2;KT Class;KT Class;KT Class;;KT Class;;;;;;;;;x;
JAP_battleship_0;Fuso Class;Fuso Class;Fuso Class;;Fuso Class;;;;;;;;;x;
JAP_battleship_1;Chin Yen Class;Chin Yen Class;Chin Yen Class;;Chin Yen Class;;;;;;;;;x;
JAP_battleship_3;Imperator Alexander II Class;Imperator Alexander II Class;Imperator Alexander II Class;;Imperator Alexander II Class;;;;;;;;;x;
JAP_battleship_4;Admiral Ushakov Class;Admiral Ushakov Class;Admiral Ushakov Class;;Admiral Ushakov Class;;;;;;;;;x;
JAP_battleship_5;Fuji Class;Fuji Class;Fuji Class;;Fuji Class;;;;;;;;;x;
JAP_battleship_6;Petroplavsk Class;Petroplavsk Class;Petroplavsk Class;;Petroplavsk Class;;;;;;;;;x;
JAP_battleship_7;Shikishima Class;Shikishima Class;Shikishima Class;;Shikishima Class;;;;;;;;;x;
JAP_battleship_8;Peresviet Class;Peresviet Class;Peresviet Class;;Peresviet Class;;;;;;;;;x;
JAP_battleship_9;Mikasa Class;Mikasa Class;Mikasa Class;;Mikasa Class;;;;;;;;;x;
JAP_battleship_10;Iwami Class;Iwami Class;Iwami Class;;Iwami Class;;;;;;;;;x;
JAP_battleship_11;Kashima Class;Kashima Class;Kashima Class;;Kashima Class;;;;;;;;;x;
JAP_battleship_12;Satsuma Class;Satsuma Class;Satsuma Class;;Satsuma Class;;;;;;;;;x;
JAP_protected_cruiser_0;Matshushima Class;Matshushima Class;Matshushima Class;;Matshushima Class;;;;;;;;;x;
JAP_protected_cruiser_1;Akitsushima Class;Akitsushima Class;Akitsushima Class;;Akitsushima Class;;;;;;;;;x;
JAP_protected_cruiser_2;Suma Class;Suma Class;Suma Class;;Suma Class;;;;;;;;;x;
JAP_protected_cruiser_3;Chitose Class;Chitose Class;Chitose Class;;Chitose Class;;;;;;;;;x;
JAP_protected_cruiser_4;Pallada Class;Pallada Class;Pallada Class;;Pallada Class;;;;;;;;;x;
JAP_protected_cruiser_5;Tsushima Class;Tsushima Class;Tsushima Class;;Tsushima Class;;;;;;;;;x;
JAP_protected_cruiser_6;Varyag Class;Varyag Class;Varyag Class;;Varyag Class;;;;;;;;;x;
JAP_protected_cruiser_7;Otowa Class;Otowa Class;Otowa Class;;Otowa Class;;;;;;;;;x;
JAP_escort_carrier_0;Wakamiya Class;Wakamiya Class;Wakamiya Class;;Wakamiya Class;;;;;;;;;x;
JAP_submarine_1;VK Class;VK Class;VK Class;;VK Class;;;;;;;;;x;
JAP_submarine_3;S1 Class;S1 Class;S1 Class;;S1 Class;;;;;;;;;x;
JAP_submarine_4;K Class;K Class;K Class;;K Class;;;;;;;;;x;
JAP_submarine_5;S2 Class;S2 Class;S2 Class;;S2 Class;;;;;;;;;x;
JAP_submarine_6;F2 Class;F2 Class;F2 Class;;F2 Class;;;;;;;;;x;
JAP_submarine_7;K4 Class;K4 Class;K4 Class;;K4 Class;;;;;;;;;x;
MEX_protected_cruiser_0;Zaragosa Class;Zaragosa Class;Zaragosa Class;;Zaragosa Class;;;;;;;;;x;
NOR_coastal_submarine_4;Kobben Class;Kobben Class;Kobben Class;;Kobben Class;;;;;;;;;x;
NOR_coastal_submarine_6;A2 Class;A2 Class;A2 Class;;A2 Class;;;;;;;;;x;
NOR_destroyer_2;Valkyrjen Class;Valkyrjen Class;Valkyrjen Class;;Valkyrjen Class;;;;;;;;;x;
NOR_destroyer_8;Draug Class;Draug Class;Draug Class;;Draug Class;;;;;;;;;x;
NOR_battleship_8;Haarfagre Class;Haarfagre Class;Haarfagre Class;;Haarfagre Class;;;;;;;;;x;
NOR_battleship_9;Norge Class;Norge Class;Norge Class;;Norge Class;;;;;;;;;x;
NOR_protected_cruiser_0;Viking Class;Viking Class;Viking Class;;Viking Class;;;;;;;;;x;
NOR_protected_cruiser_2;Frithjof Class;Frithjof Class;Frithjof Class;;Frithjof Class;;;;;;;;;x;
POR_coastal_submarine_0;Plongeur Class;Plongeur Class;Plongeur Class;;Plongeur Class;;;;;;;;;x;
POR_coastal_submarine_5;Espadarte Class;Espadarte Class;Espadarte Class;;Espadarte Class;;;;;;;;;x;
POR_coastal_submarine_8;Foca Class;Foca Class;Foca Class;;Foca Class;;;;;;;;;x;
POR_destroyer_5;Tejo Class;Tejo Class;Tejo Class;;Tejo Class;;;;;;;;;x;
POR_destroyer_11;Guadina Class;Guadina Class;Guadina Class;;Guadina Class;;;;;;;;;x;
POR_battleship_0;Vasco Da Gama Class;Vasco Da Gama Class;Vasco Da Gama Class;;Vasco Da Gama Class;;;;;;;;;x;
POR_protected_cruiser_1;Adamastor Class;Adamastor Class;Adamastor Class;;Adamastor Class;;;;;;;;;x;
POR_protected_cruiser_2;São Gabriel Class;São Gabriel Class;São Gabriel Class;;São Gabriel Class;;;;;;;;;x;
POR_protected_cruiser_3;Dom Carlos I Class;Dom Carlos I Class;Dom Carlos I Class;;Dom Carlos I Class;;;;;;;;;x;
POR_protected_cruiser_4;Rainha Dona Amelia Class;Rainha Dona Amelia Class;Rainha Dona Amelia Class;;Rainha Dona Amelia Class;;;;;;;;;x;
PRU_light_cruiser_0;Almirante Grau Class;Almirante Grau Class;Almirante Grau Class;;Almirante Grau Class;;;;;;;;;x;
PRU_coastal_submarine_5;Ferre Class;Ferre Class;Ferre Class;;Ferre Class;;;;;;;;;x;
PRU_destroyer_11;Chasseur Class;Chasseur Class;Chasseur Class;;Chasseur Class;;;;;;;;;x;
PRU_protected_cruiser_0;Lima Class;Lima Class;Lima Class;;Lima Class;;;;;;;;;x;
ROM_destroyer_14;Vifor Class;Vifor Class;Vifor Class;;Vifor Class;;;;;;;;;x;
ROM_protected_cruiser_0;Elisabeta Class;Elisabeta Class;Elisabeta Class;;Elisabeta Class;;;;;;;;;x;
RUS_heavy_cruiser_0;Kniaz Pozharski Class;Kniaz Pozharski Class;Kniaz Pozharski Class;;Kniaz Pozharski Class;;;;;;;;;x;
RUS_heavy_cruiser_1;General-Admiral Class;General-Admiral Class;General-Admiral Class;;General-Admiral Class;;;;;;;;;x;
RUS_heavy_cruiser_2;Minin Class;Minin Class;Minin Class;;Minin Class;;;;;;;;;x;
RUS_heavy_cruiser_3;Pamiat Azova Class;Pamiat Azova Class;Pamiat Azova Class;;Pamiat Azova Class;;;;;;;;;x;
RUS_heavy_cruiser_4;Rossia Class;Rossia Class;Rossia Class;;Rossia Class;;;;;;;;;x;
RUS_heavy_cruiser_6;Bayan Class;Bayan Class;Bayan Class;;Bayan Class;;;;;;;;;x;
RUS_heavy_cruiser_7;Rurik Class;Rurik Class;Rurik Class;;Rurik Class;;;;;;;;;x;
RUS_heavy_cruiser_8;Svetlana Class;Svetlana Class;Svetlana Class;;Svetlana Class;;;;;;;;;x;
RUS_heavy_cruiser_9;Admiral Nakhimov Class;Admiral Nakhimov Class;Admiral Nakhimov Class;;Admiral Nakhimov Class;;;;;;;;;x;
RUS_light_cruiser_3;Muravev Amurski Class;Muravev Amurski Class;Muravev Amurski Class;;Muravev Amurski Class;;;;;;;;;x;
RUS_coastal_submarine_0;Delfin Class;Delfin Class;Delfin Class;;Delfin Class;;;;;;;;;x;
RUS_coastal_submarine_1;Kasatka Class;Kasatka Class;Kasatka Class;;Kasatka Class;;;;;;;;;x;
RUS_coastal_submarine_2;Lake Class;Lake Class;Lake Class;;Lake Class;;;;;;;;;x;
RUS_coastal_submarine_3;Karp Class;Karp Class;Karp Class;;Karp Class;;;;;;;;;x;
RUS_coastal_submarine_4;Kaiman Class;Kaiman Class;Kaiman Class;;Kaiman Class;;;;;;;;;x;
RUS_coastal_submarine_5;Akula Class;Akula Class;Akula Class;;Akula Class;;;;;;;;;x;
RUS_coastal_submarine_6;Pochtovy Class;Pochtovy Class;Pochtovy Class;;Pochtovy Class;;;;;;;;;x;
RUS_coastal_submarine_7;F1 Class;F1 Class;F1 Class;;F1 Class;;;;;;;;;x;
RUS_coastal_submarine_8;AG Class;AG Class;AG Class;;AG Class;;;;;;;;;x;
RUS_dreadnaught_3;Gangut Class;Gangut Class;Gangut Class;;Gangut Class;;;;;;;;;x;
RUS_dreadnaught_4;Imperatritsa Mariya Class;Imperatritsa Mariya Class;Imperatritsa Mariya Class;;Imperatritsa Mariya Class;;;;;;;;;x;
RUS_destroyer_2;Pruitki Class;Pruitki Class;Pruitki Class;;Pruitki Class;;;;;;;;;x;
RUS_destroyer_3;Bditelni Class;Bditelni Class;Bditelni Class;;Bditelni Class;;;;;;;;;x;
RUS_destroyer_4;Boiki Class;Boiki Class;Boiki Class;;Boiki Class;;;;;;;;;x;
RUS_destroyer_5;Vnimatelni Class;Vnimatelni Class;Vnimatelni Class;;Vnimatelni Class;;;;;;;;;x;
RUS_destroyer_6;Grozni Class;Grozni Class;Grozni Class;;Grozni Class;;;;;;;;;x;
RUS_destroyer_7;Tverdi Class;Tverdi Class;Tverdi Class;;Tverdi Class;;;;;;;;;x;
RUS_destroyer_8;Leitenant Shestakov Class;Leitenant Shestakov Class;Leitenant Shestakov Class;;Leitenant Shestakov Class;;;;;;;;;x;
RUS_destroyer_9;Novik Class;Novik Class;Novik Class;;Novik Class;;;;;;;;;x;
RUS_destroyer_10;Bespokoiny Class;Bespokoiny Class;Bespokoiny Class;;Bespokoiny Class;;;;;;;;;x;
RUS_destroyer_11;Leitenant Ilin Class;Leitenant Ilin Class;Leitenant Ilin Class;;Leitenant Ilin Class;;;;;;;;;x;
RUS_destroyer_12;Izyaslav Class;Izyaslav Class;Izyaslav Class;;Izyaslav Class;;;;;;;;;x;
RUS_battleship_0;Admiral Lazarev Class;Admiral Lazarev Class;Admiral Lazarev Class;;Admiral Lazarev Class;;;;;;;;;x;
RUS_battleship_1;Admiral Chichagov Class;Admiral Chichagov Class;Admiral Chichagov Class;;Admiral Chichagov Class;;;;;;;;;x;
RUS_battleship_2;Petr Veliki Class;Petr Veliki Class;Petr Veliki Class;;Petr Veliki Class;;;;;;;;;x;
RUS_battleship_3;Ekatarina II Class;Ekatarina II Class;Ekatarina II Class;;Ekatarina II Class;;;;;;;;;x;
RUS_battleship_4;Imperator Alexander II Class;Imperator Alexander II Class;Imperator Alexander II Class;;Imperator Alexander II Class;;;;;;;;;x;
RUS_battleship_5;Dvienadtsat Apostolov Class;Dvienadtsat Apostolov Class;Dvienadtsat Apostolov Class;;Dvienadtsat Apostolov Class;;;;;;;;;x;
RUS_battleship_6;Tri Svititelia Class;Tri Svititelia Class;Tri Svititelia Class;;Tri Svititelia Class;;;;;;;;;x;
RUS_battleship_7;Rotislav Class;Rotislav Class;Rotislav Class;;Rotislav Class;;;;;;;;;x;
RUS_battleship_8;Kniaz Potemkin Class;Kniaz Potemkin Class;Kniaz Potemkin Class;;Kniaz Potemkin Class;;;;;;;;;x;
RUS_battleship_9;Tsesarevich Class;Tsesarevich Class;Tsesarevich Class;;Tsesarevich Class;;;;;;;;;x;
RUS_battleship_10;Borodino Class;Borodino Class;Borodino Class;;Borodino Class;;;;;;;;;x;
RUS_battleship_11;Ioann Zlatoust Class;Ioann Zlatoust Class;Ioann Zlatoust Class;;Ioann Zlatoust Class;;;;;;;;;x;
RUS_battleship_12;Imperator Pavel I Class;Imperator Pavel I Class;Imperator Pavel I Class;;Imperator Pavel I Class;;;;;;;;;x;
RUS_protected_cruiser_0;Yaroslavl Class;Yaroslavl Class;Yaroslavl Class;;Yaroslavl Class;;;;;;;;;x;
RUS_protected_cruiser_1;Admiral Kornilov Class;Admiral Kornilov Class;Admiral Kornilov Class;;Admiral Kornilov Class;;;;;;;;;x;
RUS_protected_cruiser_2;Pallada Class;Pallada Class;Pallada Class;;Pallada Class;;;;;;;;;x;
RUS_protected_cruiser_3;Askold Class;Askold Class;Askold Class;;Askold Class;;;;;;;;;x;
RUS_protected_cruiser_4;Bogatyr Class;Bogatyr Class;Bogatyr Class;;Bogatyr Class;;;;;;;;;x;
RUS_protected_cruiser_5;Almaz Class;Almaz Class;Almaz Class;;Almaz Class;;;;;;;;;x;
RUS_protected_cruiser_6;Zhemchug Class;Zhemchug Class;Zhemchug Class;;Zhemchug Class;;;;;;;;;x;
RUS_escort_carrier_0;Orlitsa Class;Orlitsa Class;Orlitsa Class;;Orlitsa Class;;;;;;;;;x;
RUS_escort_carrier_1;Rumania Class;Rumania Class;Rumania Class;;Rumania Class;;;;;;;;;x;
RUS_submarine_0;Krab Class;Krab Class;Krab Class;;Krab Class;;;;;;;;;x;
RUS_submarine_1;Morzh Class;Morzh Class;Morzh Class;;Morzh Class;;;;;;;;;x;
RUS_submarine_2;Narval Class;Narval Class;Narval Class;;Narval Class;;;;;;;;;x;
RUS_submarine_3;Bars Class;Bars Class;Bars Class;;Bars Class;;;;;;;;;x;
SOV_heavy_cruiser_0;Kniaz Pozharski Class;Kniaz Pozharski Class;Kniaz Pozharski Class;;Kniaz Pozharski Class;;;;;;;;;x;
SOV_heavy_cruiser_1;General-Admiral Class;General-Admiral Class;General-Admiral Class;;General-Admiral Class;;;;;;;;;x;
SOV_heavy_cruiser_2;Minin Class;Minin Class;Minin Class;;Minin Class;;;;;;;;;x;
SOV_heavy_cruiser_3;Pamiat Azova Class;Pamiat Azova Class;Pamiat Azova Class;;Pamiat Azova Class;;;;;;;;;x;
SOV_heavy_cruiser_4;Rossia Class;Rossia Class;Rossia Class;;Rossia Class;;;;;;;;;x;
SOV_heavy_cruiser_6;Bayan Class;Bayan Class;Bayan Class;;Bayan Class;;;;;;;;;x;
SOV_heavy_cruiser_7;Rurik Class;Rurik Class;Rurik Class;;Rurik Class;;;;;;;;;x;
SOV_heavy_cruiser_8;Svetlana Class;Svetlana Class;Svetlana Class;;Svetlana Class;;;;;;;;;x;
SOV_heavy_cruiser_9;Admiral Nakhimov Class;Admiral Nakhimov Class;Admiral Nakhimov Class;;Admiral Nakhimov Class;;;;;;;;;x;
SOV_light_cruiser_3;Muravev Amurski Class;Muravev Amurski Class;Muravev Amurski Class;;Muravev Amurski Class;;;;;;;;;x;
SOV_coastal_submarine_0;Delfin Class;Delfin Class;Delfin Class;;Delfin Class;;;;;;;;;x;
SOV_coastal_submarine_1;Kasatka Class;Kasatka Class;Kasatka Class;;Kasatka Class;;;;;;;;;x;
SOV_coastal_submarine_2;Lake Class;Lake Class;Lake Class;;Lake Class;;;;;;;;;x;
SOV_coastal_submarine_3;Karp Class;Karp Class;Karp Class;;Karp Class;;;;;;;;;x;
SOV_coastal_submarine_4;Kaiman Class;Kaiman Class;Kaiman Class;;Kaiman Class;;;;;;;;;x;
SOV_coastal_submarine_5;Akula Class;Akula Class;Akula Class;;Akula Class;;;;;;;;;x;
SOV_coastal_submarine_6;Pochtovy Class;Pochtovy Class;Pochtovy Class;;Pochtovy Class;;;;;;;;;x;
SOV_coastal_submarine_7;F1 Class;F1 Class;F1 Class;;F1 Class;;;;;;;;;x;
SOV_coastal_submarine_8;AG Class;AG Class;AG Class;;AG Class;;;;;;;;;x;
SOV_dreadnaught_3;Gangut Class;Gangut Class;Gangut Class;;Gangut Class;;;;;;;;;x;
SOV_dreadnaught_4;Imperatritsa Mariya Class;Imperatritsa Mariya Class;Imperatritsa Mariya Class;;Imperatritsa Mariya Class;;;;;;;;;x;
SOV_destroyer_2;Pruitki Class;Pruitki Class;Pruitki Class;;Pruitki Class;;;;;;;;;x;
SOV_destroyer_3;Bditelni Class;Bditelni Class;Bditelni Class;;Bditelni Class;;;;;;;;;x;
SOV_destroyer_4;Boiki Class;Boiki Class;Boiki Class;;Boiki Class;;;;;;;;;x;
SOV_destroyer_5;Vnimatelni Class;Vnimatelni Class;Vnimatelni Class;;Vnimatelni Class;;;;;;;;;x;
SOV_destroyer_6;Grozni Class;Grozni Class;Grozni Class;;Grozni Class;;;;;;;;;x;
SOV_destroyer_7;Tverdi Class;Tverdi Class;Tverdi Class;;Tverdi Class;;;;;;;;;x;
SOV_destroyer_8;Leitenant Shestakov Class;Leitenant Shestakov Class;Leitenant Shestakov Class;;Leitenant Shestakov Class;;;;;;;;;x;
SOV_destroyer_9;Novik Class;Novik Class;Novik Class;;Novik Class;;;;;;;;;x;
SOV_destroyer_10;Bespokoiny Class;Bespokoiny Class;Bespokoiny Class;;Bespokoiny Class;;;;;;;;;x;
SOV_destroyer_11;Leitenant Ilin Class;Leitenant Ilin Class;Leitenant Ilin Class;;Leitenant Ilin Class;;;;;;;;;x;
SOV_destroyer_12;Izyaslav Class;Izyaslav Class;Izyaslav Class;;Izyaslav Class;;;;;;;;;x;
SOV_battleship_0;Admiral Lazarev Class;Admiral Lazarev Class;Admiral Lazarev Class;;Admiral Lazarev Class;;;;;;;;;x;
SOV_battleship_1;Admiral Chichagov Class;Admiral Chichagov Class;Admiral Chichagov Class;;Admiral Chichagov Class;;;;;;;;;x;
SOV_battleship_2;Petr Veliki Class;Petr Veliki Class;Petr Veliki Class;;Petr Veliki Class;;;;;;;;;x;
SOV_battleship_3;Ekatarina II Class;Ekatarina II Class;Ekatarina II Class;;Ekatarina II Class;;;;;;;;;x;
SOV_battleship_4;Imperator Alexander II Class;Imperator Alexander II Class;Imperator Alexander II Class;;Imperator Alexander II Class;;;;;;;;;x;
SOV_battleship_5;Dvienadtsat Apostolov Class;Dvienadtsat Apostolov Class;Dvienadtsat Apostolov Class;;Dvienadtsat Apostolov Class;;;;;;;;;x;
SOV_battleship_6;Tri Svititelia Class;Tri Svititelia Class;Tri Svititelia Class;;Tri Svititelia Class;;;;;;;;;x;
SOV_battleship_7;Rotislav Class;Rotislav Class;Rotislav Class;;Rotislav Class;;;;;;;;;x;
SOV_battleship_8;Kniaz Potemkin Class;Kniaz Potemkin Class;Kniaz Potemkin Class;;Kniaz Potemkin Class;;;;;;;;;x;
SOV_battleship_9;Tsesarevich Class;Tsesarevich Class;Tsesarevich Class;;Tsesarevich Class;;;;;;;;;x;
SOV_battleship_10;Borodino Class;Borodino Class;Borodino Class;;Borodino Class;;;;;;;;;x;
SOV_battleship_11;Ioann Zlatoust Class;Ioann Zlatoust Class;Ioann Zlatoust Class;;Ioann Zlatoust Class;;;;;;;;;x;
SOV_battleship_12;Imperator Pavel I Class;Imperator Pavel I Class;Imperator Pavel I Class;;Imperator Pavel I Class;;;;;;;;;x;
SOV_protected_cruiser_0;Yaroslavl Class;Yaroslavl Class;Yaroslavl Class;;Yaroslavl Class;;;;;;;;;x;
SOV_protected_cruiser_1;Admiral Kornilov Class;Admiral Kornilov Class;Admiral Kornilov Class;;Admiral Kornilov Class;;;;;;;;;x;
SOV_protected_cruiser_2;Pallada Class;Pallada Class;Pallada Class;;Pallada Class;;;;;;;;;x;
SOV_protected_cruiser_3;Askold Class;Askold Class;Askold Class;;Askold Class;;;;;;;;;x;
SOV_protected_cruiser_4;Bogatyr Class;Bogatyr Class;Bogatyr Class;;Bogatyr Class;;;;;;;;;x;
SOV_protected_cruiser_5;Almaz Class;Almaz Class;Almaz Class;;Almaz Class;;;;;;;;;x;
SOV_protected_cruiser_6;Zhemchug Class;Zhemchug Class;Zhemchug Class;;Zhemchug Class;;;;;;;;;x;
SOV_escort_carrier_0;Orlitsa Class;Orlitsa Class;Orlitsa Class;;Orlitsa Class;;;;;;;;;x;
SOV_escort_carrier_1;Rumania Class;Rumania Class;Rumania Class;;Rumania Class;;;;;;;;;x;
SOV_submarine_0;Krab Class;Krab Class;Krab Class;;Krab Class;;;;;;;;;x;
SOV_submarine_1;Morzh Class;Morzh Class;Morzh Class;;Morzh Class;;;;;;;;;x;
SOV_submarine_2;Narval Class;Narval Class;Narval Class;;Narval Class;;;;;;;;;x;
SOV_submarine_3;Bars Class;Bars Class;Bars Class;;Bars Class;;;;;;;;;x;
WHR_heavy_cruiser_0;Kniaz Pozharski Class;Kniaz Pozharski Class;Kniaz Pozharski Class;;Kniaz Pozharski Class;;;;;;;;;x;
WHR_heavy_cruiser_1;General-Admiral Class;General-Admiral Class;General-Admiral Class;;General-Admiral Class;;;;;;;;;x;
WHR_heavy_cruiser_2;Minin Class;Minin Class;Minin Class;;Minin Class;;;;;;;;;x;
WHR_heavy_cruiser_3;Pamiat Azova Class;Pamiat Azova Class;Pamiat Azova Class;;Pamiat Azova Class;;;;;;;;;x;
WHR_heavy_cruiser_4;Rossia Class;Rossia Class;Rossia Class;;Rossia Class;;;;;;;;;x;
WHR_heavy_cruiser_6;Bayan Class;Bayan Class;Bayan Class;;Bayan Class;;;;;;;;;x;
WHR_heavy_cruiser_7;Rurik Class;Rurik Class;Rurik Class;;Rurik Class;;;;;;;;;x;
WHR_heavy_cruiser_8;Svetlana Class;Svetlana Class;Svetlana Class;;Svetlana Class;;;;;;;;;x;
WHR_heavy_cruiser_9;Admiral Nakhimov Class;Admiral Nakhimov Class;Admiral Nakhimov Class;;Admiral Nakhimov Class;;;;;;;;;x;
WHR_light_cruiser_3;Muravev Amurski Class;Muravev Amurski Class;Muravev Amurski Class;;Muravev Amurski Class;;;;;;;;;x;
WHR_coastal_submarine_0;Delfin Class;Delfin Class;Delfin Class;;Delfin Class;;;;;;;;;x;
WHR_coastal_submarine_1;Kasatka Class;Kasatka Class;Kasatka Class;;Kasatka Class;;;;;;;;;x;
WHR_coastal_submarine_2;Lake Class;Lake Class;Lake Class;;Lake Class;;;;;;;;;x;
WHR_coastal_submarine_3;Karp Class;Karp Class;Karp Class;;Karp Class;;;;;;;;;x;
WHR_coastal_submarine_4;Kaiman Class;Kaiman Class;Kaiman Class;;Kaiman Class;;;;;;;;;x;
WHR_coastal_submarine_5;Akula Class;Akula Class;Akula Class;;Akula Class;;;;;;;;;x;
WHR_coastal_submarine_6;Pochtovy Class;Pochtovy Class;Pochtovy Class;;Pochtovy Class;;;;;;;;;x;
WHR_coastal_submarine_7;F1 Class;F1 Class;F1 Class;;F1 Class;;;;;;;;;x;
WHR_coastal_submarine_8;AG Class;AG Class;AG Class;;AG Class;;;;;;;;;x;
WHR_dreadnaught_3;Gangut Class;Gangut Class;Gangut Class;;Gangut Class;;;;;;;;;x;
WHR_dreadnaught_4;Imperatritsa Mariya Class;Imperatritsa Mariya Class;Imperatritsa Mariya Class;;Imperatritsa Mariya Class;;;;;;;;;x;
WHR_destroyer_2;Pruitki Class;Pruitki Class;Pruitki Class;;Pruitki Class;;;;;;;;;x;
WHR_destroyer_3;Bditelni Class;Bditelni Class;Bditelni Class;;Bditelni Class;;;;;;;;;x;
WHR_destroyer_4;Boiki Class;Boiki Class;Boiki Class;;Boiki Class;;;;;;;;;x;
WHR_destroyer_5;Vnimatelni Class;Vnimatelni Class;Vnimatelni Class;;Vnimatelni Class;;;;;;;;;x;
WHR_destroyer_6;Grozni Class;Grozni Class;Grozni Class;;Grozni Class;;;;;;;;;x;
WHR_destroyer_7;Tverdi Class;Tverdi Class;Tverdi Class;;Tverdi Class;;;;;;;;;x;
WHR_destroyer_8;Leitenant Shestakov Class;Leitenant Shestakov Class;Leitenant Shestakov Class;;Leitenant Shestakov Class;;;;;;;;;x;
WHR_destroyer_9;Novik Class;Novik Class;Novik Class;;Novik Class;;;;;;;;;x;
WHR_destroyer_10;Bespokoiny Class;Bespokoiny Class;Bespokoiny Class;;Bespokoiny Class;;;;;;;;;x;
WHR_destroyer_11;Leitenant Ilin Class;Leitenant Ilin Class;Leitenant Ilin Class;;Leitenant Ilin Class;;;;;;;;;x;
WHR_destroyer_12;Izyaslav Class;Izyaslav Class;Izyaslav Class;;Izyaslav Class;;;;;;;;;x;
WHR_battleship_0;Admiral Lazarev Class;Admiral Lazarev Class;Admiral Lazarev Class;;Admiral Lazarev Class;;;;;;;;;x;
WHR_battleship_1;Admiral Chichagov Class;Admiral Chichagov Class;Admiral Chichagov Class;;Admiral Chichagov Class;;;;;;;;;x;
WHR_battleship_2;Petr Veliki Class;Petr Veliki Class;Petr Veliki Class;;Petr Veliki Class;;;;;;;;;x;
WHR_battleship_3;Ekatarina II Class;Ekatarina II Class;Ekatarina II Class;;Ekatarina II Class;;;;;;;;;x;
WHR_battleship_4;Imperator Alexander II Class;Imperator Alexander II Class;Imperator Alexander II Class;;Imperator Alexander II Class;;;;;;;;;x;
WHR_battleship_5;Dvienadtsat Apostolov Class;Dvienadtsat Apostolov Class;Dvienadtsat Apostolov Class;;Dvienadtsat Apostolov Class;;;;;;;;;x;
WHR_battleship_6;Tri Svititelia Class;Tri Svititelia Class;Tri Svititelia Class;;Tri Svititelia Class;;;;;;;;;x;
WHR_battleship_7;Rotislav Class;Rotislav Class;Rotislav Class;;Rotislav Class;;;;;;;;;x;
WHR_battleship_8;Kniaz Potemkin Class;Kniaz Potemkin Class;Kniaz Potemkin Class;;Kniaz Potemkin Class;;;;;;;;;x;
WHR_battleship_9;Tsesarevich Class;Tsesarevich Class;Tsesarevich Class;;Tsesarevich Class;;;;;;;;;x;
WHR_battleship_10;Borodino Class;Borodino Class;Borodino Class;;Borodino Class;;;;;;;;;x;
WHR_battleship_11;Ioann Zlatoust Class;Ioann Zlatoust Class;Ioann Zlatoust Class;;Ioann Zlatoust Class;;;;;;;;;x;
WHR_battleship_12;Imperator Pavel I Class;Imperator Pavel I Class;Imperator Pavel I Class;;Imperator Pavel I Class;;;;;;;;;x;
WHR_protected_cruiser_0;Yaroslavl Class;Yaroslavl Class;Yaroslavl Class;;Yaroslavl Class;;;;;;;;;x;
WHR_protected_cruiser_1;Admiral Kornilov Class;Admiral Kornilov Class;Admiral Kornilov Class;;Admiral Kornilov Class;;;;;;;;;x;
WHR_protected_cruiser_2;Pallada Class;Pallada Class;Pallada Class;;Pallada Class;;;;;;;;;x;
WHR_protected_cruiser_3;Askold Class;Askold Class;Askold Class;;Askold Class;;;;;;;;;x;
WHR_protected_cruiser_4;Bogatyr Class;Bogatyr Class;Bogatyr Class;;Bogatyr Class;;;;;;;;;x;
WHR_protected_cruiser_5;Almaz Class;Almaz Class;Almaz Class;;Almaz Class;;;;;;;;;x;
WHR_protected_cruiser_6;Zhemchug Class;Zhemchug Class;Zhemchug Class;;Zhemchug Class;;;;;;;;;x;
WHR_escort_carrier_0;Orlitsa Class;Orlitsa Class;Orlitsa Class;;Orlitsa Class;;;;;;;;;x;
WHR_escort_carrier_1;Rumania Class;Rumania Class;Rumania Class;;Rumania Class;;;;;;;;;x;
WHR_submarine_0;Krab Class;Krab Class;Krab Class;;Krab Class;;;;;;;;;x;
WHR_submarine_1;Morzh Class;Morzh Class;Morzh Class;;Morzh Class;;;;;;;;;x;
WHR_submarine_2;Narval Class;Narval Class;Narval Class;;Narval Class;;;;;;;;;x;
WHR_submarine_3;Bars Class;Bars Class;Bars Class;;Bars Class;;;;;;;;;x;
SIA_destroyer_8;Sua Thaymon Chon Class;Sua Thaymon Chon Class;Sua Thaymon Chon Class;;Sua Thaymon Chon Class;;;;;;;;;x;
SIA_destroyer_14;R Class;R Class;R Class;;R Class;;;;;;;;;x;
SIA_protected_cruiser_1;Maha Chakri Class;Maha Chakri Class;Maha Chakri Class;;Maha Chakri Class;;;;;;;;;x;
SPR_heavy_cruiser_1;Emparador Carlos V Class;Emparador Carlos V Class;Emparador Carlos V Class;;Emparador Carlos V Class;;;;;;;;;x;
SPR_heavy_cruiser_2;Cataluna Class;Cataluna Class;Cataluna Class;;Cataluna Class;;;;;;;;;x;
SPR_light_cruiser_7;Reina Victoria Eugenia Class;Reina Victoria Eugenia Class;Reina Victoria Eugenia Class;;Reina Victoria Eugenia Class;;;;;;;;;x;
SPR_light_cruiser_8;Mendez Nunez Class;Mendez Nunez Class;Mendez Nunez Class;;Mendez Nunez Class;;;;;;;;;x;
SPR_coastal_submarine_0;Peral Class;Peral Class;Peral Class;;Peral Class;;;;;;;;;x;
SPR_coastal_submarine_7;Isaac Peral Class;Isaac Peral Class;Isaac Peral Class;;Isaac Peral Class;;;;;;;;;x;
SPR_coastal_submarine_8;A Class;A Class;A Class;;A Class;;;;;;;;;x;
SPR_coastal_submarine_9;B Class;B Class;B Class;;B Class;;;;;;;;;x;
SPR_dreadnaught_3;España Class;España Class;España Class;;España Class;;;;;;;;;x;
SPR_destroyer_2;Audaz Class;Audaz Class;Audaz Class;;Audaz Class;;;;;;;;;x;
SPR_destroyer_11;Bustamante Class;Bustamante Class;Bustamante Class;;Bustamante Class;;;;;;;;;x;
SPR_destroyer_15;Alsedo Class;Alsedo Class;Alsedo Class;;Alsedo Class;;;;;;;;;x;
SPR_battleship_3;Pelayo Class;Pelayo Class;Pelayo Class;;Pelayo Class;;;;;;;;;x;
SPR_protected_cruiser_0;Velasco Class;Velasco Class;Velasco Class;;Velasco Class;;;;;;;;;x;
SPR_protected_cruiser_1;Alfonso XII Class;Alfonso XII Class;Alfonso XII Class;;Alfonso XII Class;;;;;;;;;x;
SPR_protected_cruiser_2;Reina Regente Class;Reina Regente Class;Reina Regente Class;;Reina Regente Class;;;;;;;;;x;
SPR_protected_cruiser_3;Rio De La Plata Class;Rio De La Plata Class;Rio De La Plata Class;;Rio De La Plata Class;;;;;;;;;x;
SPR_protected_cruiser_4;Estramadura Class;Estramadura Class;Estramadura Class;;Estramadura Class;;;;;;;;;x;
SPR_protected_cruiser_7;Reina Regente II Class;Reina Regente II Class;Reina Regente II Class;;Reina Regente II Class;;;;;;;;;x;
SWE_heavy_cruiser_7;Fylgia Class;Fylgia Class;Fylgia Class;;Fylgia Class;;;;;;;;;x;
SWE_coastal_submarine_1;Hajen Class;Hajen Class;Hajen Class;;Hajen Class;;;;;;;;;x;
SWE_coastal_submarine_3;Hvalen Class;Hvalen Class;Hvalen Class;;Hvalen Class;;;;;;;;;x;
SWE_coastal_submarine_4;U2 Class;U2 Class;U2 Class;;U2 Class;;;;;;;;;x;
SWE_coastal_submarine_5;Svärdfisken Class;Svärdfisken Class;Svärdfisken Class;;Svärdfisken Class;;;;;;;;;x;
SWE_coastal_submarine_6;Delfinen Class;Delfinen Class;Delfinen Class;;Delfinen Class;;;;;;;;;x;
SWE_coastal_submarine_7;Laxen Class;Laxen Class;Laxen Class;;Laxen Class;;;;;;;;;x;
SWE_coastal_submarine_8;Abborren Class;Abborren Class;Abborren Class;;Abborren Class;;;;;;;;;x;
SWE_destroyer_5;Mode Class;Mode Class;Mode Class;;Mode Class;;;;;;;;;x;
SWE_destroyer_6;Magne Class;Magne Class;Magne Class;;Magne Class;;;;;;;;;x;
SWE_destroyer_7;Wale Class;Wale Class;Wale Class;;Wale Class;;;;;;;;;x;
SWE_destroyer_8;Ragnar Class;Ragnar Class;Ragnar Class;;Ragnar Class;;;;;;;;;x;
SWE_destroyer_9;Hugin Class;Hugin Class;Hugin Class;;Hugin Class;;;;;;;;;x;
SWE_destroyer_13;Wrangel Class;Wrangel Class;Wrangel Class;;Wrangel Class;;;;;;;;;x;
SWE_battleship_2;Svea Class;Svea Class;Svea Class;;Svea Class;;;;;;;;;x;
SWE_battleship_8;Oden Class;Oden Class;Oden Class;;Oden Class;;;;;;;;;x;
SWE_battleship_9;Dristigheten Class;Dristigheten Class;Dristigheten Class;;Dristigheten Class;;;;;;;;;x;
SWE_battleship_10;Äran Class;Äran Class;Äran Class;;Äran Class;;;;;;;;;x;
SWE_battleship_11;Oscar II Class;Oscar II Class;Oscar II Class;;Oscar II Class;;;;;;;;;x;
SWE_battleship_12;Sverige Class;Sverige Class;Sverige Class;;Sverige Class;;;;;;;;;x;
SWE_protected_cruiser_2;Örnen Class;Örnen Class;Örnen Class;;Örnen Class;;;;;;;;;x;
SWE_submarine_4;Hajen Class;Hajen Class;Hajen Class;;Hajen Class;;;;;;;;;x;
SWE_submarine_6;Bävern Class;Bävern Class;Bävern Class;;Bävern Class;;;;;;;;;x;
TUR_heavy_cruiser_0;Osmaniye Class;Osmaniye Class;Osmaniye Class;;Osmaniye Class;;;;;;;;;x;
TUR_heavy_cruiser_1;Assari Tewfik Class;Assari Tewfik Class;Assari Tewfik Class;;Assari Tewfik Class;;;;;;;;;x;
TUR_heavy_cruiser_2;Assari Shevket Class;Assari Shevket Class;Assari Shevket Class;;Assari Shevket Class;;;;;;;;;x;
TUR_heavy_cruiser_3;Avni Illah Class;Avni Illah Class;Avni Illah Class;;Avni Illah Class;;;;;;;;;x;
TUR_heavy_cruiser_4;Fethi Bulend Class;Fethi Bulend Class;Fethi Bulend Class;;Fethi Bulend Class;;;;;;;;;x;
TUR_heavy_cruiser_5;Messudieh Class;Messudieh Class;Messudieh Class;;Messudieh Class;;;;;;;;;x;
TUR_heavy_cruiser_6;Idjalieh Class;Idjalieh Class;Idjalieh Class;;Idjalieh Class;;;;;;;;;x;
TUR_heavy_cruiser_7;Hamidieh Class;Hamidieh Class;Hamidieh Class;;Hamidieh Class;;;;;;;;;x;
TUR_destroyer_0;Berk I Efsan Class;Berk I Efsan Class;Berk I Efsan Class;;Berk I Efsan Class;;;;;;;;;x;
TUR_destroyer_8;Durandal Class;Durandal Class;Durandal Class;;Durandal Class;;;;;;;;;x;
TUR_destroyer_9;S165 Class;S165 Class;S165 Class;;S165 Class;;;;;;;;;x;
TUR_battleship_5;Brandenburg Class;Brandenburg Class;Brandenburg Class;;Brandenburg Class;;;;;;;;;x;
TUR_protected_cruiser_0;Mehmet Selim Class;Mehmet Selim Class;Mehmet Selim Class;;Mehmet Selim Class;;;;;;;;;x;
TUR_protected_cruiser_1;Heibetnuma Class;Heibetnuma Class;Heibetnuma Class;;Heibetnuma Class;;;;;;;;;x;
TUR_protected_cruiser_2;Lutfi Humayun Class;Lutfi Humayun Class;Lutfi Humayun Class;;Lutfi Humayun Class;;;;;;;;;x;
TUR_protected_cruiser_5;Abdul Hamid Class;Abdul Hamid Class;Abdul Hamid Class;;Abdul Hamid Class;;;;;;;;;x;
TUR_protected_cruiser_6;Medjidieh Class;Medjidieh Class;Medjidieh Class;;Medjidieh Class;;;;;;;;;x;
URU_protected_cruiser_8;Dogali Class;Dogali Class;Dogali Class;;Dogali Class;;;;;;;;;x;
USA_heavy_cruiser_0;New York Class;New York Class;New York Class;;New York Class;;;;;;;;;x;
USA_heavy_cruiser_2;Brooklyn Class;Brooklyn Class;Brooklyn Class;;Brooklyn Class;;;;;;;;;x;
USA_heavy_cruiser_5;Pennsylvania Class;Pennsylvania Class;Pennsylvania Class;;Pennsylvania Class;;;;;;;;;x;
USA_heavy_cruiser_6;Tennessee Class;Tennessee Class;Tennessee Class;;Tennessee Class;;;;;;;;;x;
USA_light_cruiser_0;Chester Class;Chester Class;Chester Class;;Chester Class;;;;;;;;;x;
USA_light_cruiser_8;Omaha Class;Omaha Class;Omaha Class;;Omaha Class;;;;;;;;;x;
USA_coastal_submarine_0;Holland Class;Holland Class;Holland Class;;Holland Class;;;;;;;;;x;
USA_coastal_submarine_1;A Class;A Class;A Class;;A Class;;;;;;;;;x;
USA_coastal_submarine_2;B Class;B Class;B Class;;B Class;;;;;;;;;x;
USA_coastal_submarine_3;C Class;C Class;C Class;;C Class;;;;;;;;;x;
USA_coastal_submarine_4;D Class;D Class;D Class;;D Class;;;;;;;;;x;
USA_carrier_1;Langley Class;Langley Class;Langley Class;;Langley Class;;;;;;;;;x;
USA_dreadnaught_0;Delaware Class;Delaware Class;Delaware Class;;Delaware Class;;;;;;;;;x;
USA_dreadnaught_1;Florida Class;Florida Class;Florida Class;;Florida Class;;;;;;;;;x;
USA_dreadnaught_2;Wyoming Class;Wyoming Class;Wyoming Class;;Wyoming Class;;;;;;;;;x;
USA_dreadnaught_3;New York Class;New York Class;New York Class;;New York Class;;;;;;;;;x;
USA_dreadnaught_4;Nevada Class;Nevada Class;Nevada Class;;Nevada Class;;;;;;;;;x;
USA_dreadnaught_5;New Mexico Class;New Mexico Class;New Mexico Class;;New Mexico Class;;;;;;;;;x;
USA_dreadnaught_6;Tennessee Class;Tennessee Class;Tennessee Class;;Tennessee Class;;;;;;;;;x;
USA_dreadnaught_7;Colorado Class;Colorado Class;Colorado Class;;Colorado Class;;;;;;;;;x;
USA_destroyer_0;Bainbridge Class;Bainbridge Class;Bainbridge Class;;Bainbridge Class;;;;;;;;;x;
USA_destroyer_1;Lawrence Class;Lawrence Class;Lawrence Class;;Lawrence Class;;;;;;;;;x;
USA_destroyer_2;Paul Jones Class;Paul Jones Class;Paul Jones Class;;Paul Jones Class;;;;;;;;;x;
USA_destroyer_3;Hopkins Class;Hopkins Class;Hopkins Class;;Hopkins Class;;;;;;;;;x;
USA_destroyer_4;Stewart Class;Stewart Class;Stewart Class;;Stewart Class;;;;;;;;;x;
USA_destroyer_5;Truxtun Class;Truxtun Class;Truxtun Class;;Truxtun Class;;;;;;;;;x;
USA_destroyer_7;Smith Class;Smith Class;Smith Class;;Smith Class;;;;;;;;;x;
USA_destroyer_8;Paulding Class;Paulding Class;Paulding Class;;Paulding Class;;;;;;;;;x;
USA_destroyer_9;Monaghan Class;Monaghan Class;Monaghan Class;;Monaghan Class;;;;;;;;;x;
USA_destroyer_10;Cassin Class;Cassin Class;Cassin Class;;Cassin Class;;;;;;;;;x;
USA_destroyer_11;O'Brien Class;O'Brien Class;O'Brien Class;;O'Brien Class;;;;;;;;;x;
USA_destroyer_12;Tucker Class;Tucker Class;Tucker Class;;Tucker Class;;;;;;;;;x;
USA_destroyer_13;Caldwell Class;Caldwell Class;Caldwell Class;;Caldwell Class;;;;;;;;;x;
USA_battleship_3;Texas Class;Texas Class;Texas Class;;Texas Class;;;;;;;;;x;
USA_battleship_4;Indiana Class;Indiana Class;Indiana Class;;Indiana Class;;;;;;;;;x;
USA_battleship_5;Iowa Class;Iowa Class;Iowa Class;;Iowa Class;;;;;;;;;x;
USA_battleship_6;Kearsarge Class;Kearsarge Class;Kearsarge Class;;Kearsarge Class;;;;;;;;;x;
USA_battleship_7;Illinois Class;Illinois Class;Illinois Class;;Illinois Class;;;;;;;;;x;
USA_battleship_8;Maine Class;Maine Class;Maine Class;;Maine Class;;;;;;;;;x;
USA_battleship_9;Virginia Class;Virginia Class;Virginia Class;;Virginia Class;;;;;;;;;x;
USA_battleship_10;Connecticut Class;Connecticut Class;Connecticut Class;;Connecticut Class;;;;;;;;;x;
USA_battleship_11;Vermont Class;Vermont Class;Vermont Class;;Vermont Class;;;;;;;;;x;
USA_battleship_12;Mississippi Class;Mississippi Class;Mississippi Class;;Mississippi Class;;;;;;;;;x;
USA_protected_cruiser_0;Olympia Class;Olympia Class;Olympia Class;;Olympia Class;;;;;;;;;x;
USA_protected_cruiser_1;Cincinnati Class;Cincinnati Class;Cincinnati Class;;Cincinnati Class;;;;;;;;;x;
USA_protected_cruiser_2;New Orleans Class;New Orleans Class;New Orleans Class;;New Orleans Class;;;;;;;;;x;
USA_protected_cruiser_5;Denver Class;Denver Class;Denver Class;;Denver Class;;;;;;;;;x;
USA_protected_cruiser_6;St. Louis Class;St. Louis Class;St. Louis Class;;St. Louis Class;;;;;;;;;x;
USA_submarine_0;E Class;E Class;E Class;;E Class;;;;;;;;;x;
USA_submarine_1;F Class;F Class;F Class;;F Class;;;;;;;;;x;
USA_submarine_2;H Class;H Class;H Class;;H Class;;;;;;;;;x;
USA_submarine_3;L Class;L Class;L Class;;L Class;;;;;;;;;x;
USA_submarine_4;T Class;T Class;T Class;;T Class;;;;;;;;;x;
USA_submarine_5;O Class;O Class;O Class;;O Class;;;;;;;;;x;
POL_interceptor_3;Albatros D.III;Albatros D.III;Albatros D.III;;Albatros D.III;;;;;;;;;x;
POL_scout_4;Fokker D.VII;Fokker D.VII;Fokker D.VII;;Fokker D.VII;;;;;;;;;x;
POL_scout_3;Bristol F2B;Bristol F2B;Bristol F2B;;Bristol F2B;;;;;;;;;x;
CHI_garrison_brigade_0;Yong Army;Yong Army;Yong Army;;Yong Army;;;;;;;;;x;
CHI_garrison_brigade_1;Xunfang Army;Xunfang Army;Xunfang Army;;Xunfang Army;;;;;;;;;x;
CHI_garrison_brigade_2;Xunfang Army (I);Xunfang Army (I);Xunfang Army (I);;Xunfang Army (I);;;;;;;;;x;
CHI_garrison_brigade_3;Xunfang Army (II);Xunfang Army (II);Xunfang Army (II);;Xunfang Army (II);;;;;;;;;x;
CHI_garrison_brigade_4;Xunfang Army (III);Xunfang Army (III);Xunfang Army (I);;Xunfang Army (III);;;;;;;;;x;
CHI_garrison_brigade_5;Xunfang Army (IV);Xunfang Army (IV);Xunfang Army (IV);;Xunfang Army (IV);;;;;;;;;x;
CHI_garrison_brigade_6;Xunfang Army (V);Xunfang Army (V);Xunfang Army (V);;Xunfang Army (V);;;;;;;;;x;
CHI_garrison_brigade_7;Xunfang Army (VI);Xunfang Army (VI);Xunfang Army (VI);;Xunfang Army (VI);;;;;;;;;x;
CHI_militia_brigade_0;Eight Banners/Green Standard Army;Eight Banners/Green Standard Army;Eight Banners/Green Standard Army;;Eight Banners/Green Standard;;;;;;;;;x;
CHI_militia_brigade_1;Eight Banners/Green Standard Army (I);Eight Banners/Green Standard Army (I);Eight Banners/Green Standard Army (I);;Eight Banners/Green Standard (I);;;;;;;;;x;
CHI_militia_brigade_2;Eight Banners/Green Standard Army (II);Eight Banners/Green Standard Army (II);Eight Banners/Green Standard Army (II);;Eight Banners/Green Standard (II);;;;;;;;;x;
CHI_militia_brigade_3;Eight Banners/Green Standard Army (III);Eight Banners/Green Standard Army (III);Eight Banners/Green Standard Army (III);;Eight Banners/Green Standard (III);;;;;;;;;x;
CHI_militia_brigade_4;Eight Banners/Green Standard Army (IV);Eight Banners/Green Standard Army (IV);Eight Banners/Green Standard Army (IV);;Eight Banners/Green Standard (IV);;;;;;;;;x;
CHI_militia_brigade_5;Eight Banners/Green Standard Army (V);Eight Banners/Green Standard Army (V);Eight Banners/Green Standard Army (V);;Eight Banners/Green Standard (V);;;;;;;;;x;
CHI_militia_brigade_6;Eight Banners/Green Standard Army (VI);Eight Banners/Green Standard Army (VI);Eight Banners/Green Standard Army (VI);;Eight Banners/Green Standard (VI);;;;;;;;;x;
CHI_militia_brigade_7;Eight Banners/Green Standard Army (VII);Eight Banners/Green Standard Army (VII);Eight Banners/Green Standard Army (VII);;Eight Banners/Green Standard (VII);;;;;;;;;x;
CHI_infantry_brigade_0;Dingwu Army;Dingwu Army;Dingwu Army;;Dingwu Army;;;;;;;;;x;
CHI_infantry_brigade_1;Newly Created Army;Newly Created Army;Newly Created Army;;Newly Created Army;;;;;;;;;x;
CHI_infantry_brigade_2;Newly Created Army (I);Newly Created Army (I);Newly Created Army (I);;Newly Created Army (I);;;;;;;;;x;
CHI_infantry_brigade_3;Newly Created Army (II);Newly Created Army (II);Newly Created Army (I);;Newly Created Army (II);;;;;;;;;x;
CHI_infantry_brigade_4;Newly Created Army (III);Newly Created Army (III);Newly Created Army (III);;Newly Created Army (III);;;;;;;;;x;
CHI_infantry_brigade_5;Newly Created Army (IV);Newly Created Army (IV);Newly Created Army (IV);;Newly Created Army (IV);;;;;;;;;x;
CHI_infantry_brigade_6;Newly Created Army (V);Newly Created Army (V);Newly Created Army (V);;Newly Created Army (V);;;;;;;;;x;
CHI_infantry_brigade_7;Newly Created Army (VI);Newly Created Army (VI);Newly Created Army (VI);;Newly Created Army (VI);;;;;;;;;x;
